tiempo, ax, ay, az
0,129,125,152
0.004892,128,125,151
0.010877,128,126,151
0.014994,128,126,152
0.021146,128,126,152
0.027988,128,126,152
0.029977,129,126,152
0.035990,129,126,152
0.039873,129,126,152
0.045996,129,126,152
0.049992,129,126,152
0.055907,129,126,152
0.059893,128,126,153
0.066026,129,126,152
0.070042,129,126,152
0.076037,129,126,152
0.080041,128,126,152
0.086042,128,126,152
0.092041,129,126,152
0.095039,129,126,152
0.100030,128,126,152
0.106040,129,126,152
0.110040,128,126,152
0.116034,129,126,152
0.120038,129,126,152
0.126039,129,126,152
0.130042,129,126,153
0.136039,128,126,153
0.140043,128,126,152
0.146023,129,126,152
0.153083,128,126,152
0.155028,129,126,152
0.161086,129,126,152
0.165078,129,125,151
0.171040,129,126,152
0.175039,129,126,152
0.181970,129,126,152
0.186040,128,125,152
0.190039,129,126,152
0.196038,129,126,152
0.200034,129,126,152
0.206042,128,126,151
0.210041,128,126,152
0.216037,129,126,153
0.220041,128,126,152
0.226041,128,126,152
0.230040,128,126,152
0.236040,129,126,152
0.240040,129,126,152
0.246030,129,126,152
0.250033,129,126,152
0.256039,129,125,152
0.260038,128,125,152
0.266033,129,126,152
0.270037,129,126,152
0.276041,129,126,152
0.280041,129,126,152
0.286041,129,126,152
0.290040,129,126,152
0.296041,128,126,152
0.300032,128,126,152
0.306041,129,126,152
0.310040,129,126,152
0.316035,129,126,152
0.320038,128,126,151
0.326039,129,126,152
0.330038,129,126,153
0.336039,129,126,152
0.340034,129,126,153
0.346038,128,126,152
0.350042,129,126,152
0.356041,129,126,152
0.360040,128,126,151
0.366036,129,126,152
0.370040,129,126,152
0.379033,129,126,153
0.381092,129,126,152
0.386040,129,126,152
0.390039,129,126,152
0.396040,128,126,152
0.400034,128,126,152
0.409082,129,126,152
0.411031,129,126,153
0.416012,129,126,152
0.420041,129,126,153
0.426041,129,126,152
0.433079,129,126,151
0.435031,129,126,151
0.441083,129,126,152
0.445071,128,126,152
0.451040,129,126,152
0.455043,129,126,152
0.461084,129,126,152
0.465072,129,126,152
0.472039,129,126,152
0.476037,129,126,152
0.482038,129,126,152
0.486039,129,126,152
0.492039,128,126,152
0.496042,128,126,152
0.501084,129,126,152
0.505076,129,126,152
0.511036,129,126,152
0.515040,128,126,152
0.521091,128,126,152
0.525074,128,126,152
0.531040,128,126,152
0.535040,128,126,152
0.541084,129,126,152
0.545078,129,126,152
0.551039,129,126,151
0.555043,129,126,152
0.561089,129,126,152
0.565077,128,126,152
0.571042,128,126,152
0.575040,129,126,152
0.581085,129,126,152
0.585075,129,126,151
0.591059,129,126,152
0.595029,129,126,152
0.601080,129,126,153
0.605119,129,126,152
0.611040,129,126,152
0.615038,129,126,152
0.621105,129,126,152
0.625078,129,126,152
0.631032,129,126,152
0.635024,129,126,152
0.641103,129,126,152
0.645089,129,126,152
0.651036,129,126,152
0.655039,129,126,152
0.661105,129,126,152
0.665108,128,125,151
0.671039,129,126,152
0.675038,128,126,152
0.681102,129,126,152
0.685077,129,126,152
0.691042,129,126,152
0.695041,129,126,152
0.701101,129,126,152
0.705076,129,126,152
0.711041,129,126,152
0.715039,128,126,152
0.721106,129,126,152
0.725104,129,126,152
0.731040,129,126,152
0.735035,128,126,152
0.741107,129,126,152
0.744977,128,126,152
0.751038,129,126,152
0.755039,129,126,152
0.761105,129,126,152
0.765079,129,126,152
0.771044,129,126,152
0.775042,129,126,152
0.781109,129,126,152
0.785106,128,126,152
0.792044,128,125,151
0.796041,129,126,153
0.802038,129,126,153
0.806041,129,126,152
0.812041,128,125,152
0.816040,129,126,152
0.821106,129,126,152
0.825075,129,126,152
0.831044,129,126,152
0.835032,129,126,152
0.841106,129,126,153
0.845104,128,126,152
0.851039,129,126,152
0.855043,128,126,152
0.861104,128,126,152
0.865078,128,126,152
0.871044,128,126,152
0.875033,128,126,153
0.881106,128,126,152
0.885075,129,126,152
0.891039,128,126,152
0.895043,128,126,152
0.901101,128,125,151
0.905107,129,126,152
0.911038,128,126,152
0.915041,129,126,152
0.921106,128,125,152
0.925077,128,126,152
0.931041,129,126,152
0.935032,129,126,152
0.941105,128,126,152
0.945076,128,126,152
0.959041,128,126,152
0.961099,128,126,152
0.963035,129,126,152
0.974038,129,125,151
0.976031,129,126,151
0.978042,129,126,151
0.980031,129,125,152
0.986040,129,125,152
0.990043,129,126,152
0.996038,129,126,152
1.000042,128,126,152
1.006039,128,125,152
1.010042,129,126,152
1.016043,129,126,152
1.020034,129,126,152
1.026043,129,126,152
1.030042,129,126,152
1.036036,129,126,152
1.040036,129,126,152
1.046041,128,126,152
1.050983,128,126,152
1.055039,128,126,151
1.061108,128,125,152
1.065075,129,126,152
1.071042,129,126,152
1.075041,129,126,153
1.084016,129,126,152
1.085103,129,126,152
1.090040,129,126,152
1.096040,128,126,152
1.100044,129,126,152
1.106045,128,126,152
1.110043,129,126,152
1.116044,129,126,152
1.120035,128,125,152
1.126039,129,126,152
1.130043,129,126,152
1.136038,129,126,152
1.140037,129,125,152
1.146043,129,126,152
1.150026,128,126,152
1.156036,129,126,152
1.160045,128,126,151
1.166043,128,126,152
1.170042,128,126,152
1.176042,129,126,152
1.180040,128,126,152
1.186044,128,126,152
1.189920,129,126,152
1.195944,129,126,152
1.199936,129,126,152
1.206043,129,126,152
1.210044,129,126,152
1.216039,129,126,152
1.220034,129,126,152
1.226048,129,126,152
1.230043,129,126,152
1.236037,129,126,152
1.241108,129,126,152
1.247039,128,126,152
1.251033,129,126,152
1.257108,129,126,152
1.261084,128,126,152
1.266043,129,126,152
1.270043,129,126,153
1.276042,129,126,152
1.280042,129,126,152
1.286042,128,126,152
1.292043,129,126,152
1.295040,128,125,152
1.300040,128,126,152
1.306040,129,126,153
1.310042,129,126,152
1.316045,128,126,152
1.320034,128,126,152
1.326044,128,126,152
1.330042,129,126,153
1.336037,128,126,152
1.339960,129,126,152
1.346041,128,126,151
1.350030,129,126,152
1.356040,129,126,152
1.360043,129,126,152
1.366043,128,126,152
1.370042,129,126,152
1.376042,129,126,153
1.380033,128,126,152
1.386041,129,126,152
1.390041,129,126,152
1.396040,129,125,152
1.400044,128,126,152
1.406045,129,126,152
1.410038,128,126,152
1.416043,129,126,152
1.420031,129,126,152
1.426040,128,125,151
1.430044,129,126,152
1.436038,129,126,152
1.439994,128,126,152
1.446043,129,126,152
1.449999,128,125,152
1.456038,129,126,152
1.460041,129,126,153
1.466042,129,126,152
1.470044,129,126,152
1.476044,128,126,151
1.480042,129,126,152
1.486038,129,126,152
1.490041,128,126,152
1.496038,129,126,152
1.500040,129,125,152
1.506041,129,126,152
1.510045,129,126,152
1.516040,129,126,152
1.520036,129,126,152
1.526045,129,126,152
1.530045,129,126,152
1.536039,129,126,153
1.540052,129,126,152
1.546050,129,126,152
1.550043,129,126,152
1.556038,129,126,152
1.560042,129,126,152
1.566042,128,126,152
1.571043,128,126,152
1.577110,128,126,152
1.581082,128,126,152
1.587039,129,126,152
1.591045,129,126,152
1.596044,129,126,152
1.600042,128,126,152
1.606044,129,126,152
1.610042,129,126,152
1.616043,129,126,152
1.620040,129,126,152
1.626043,128,126,151
1.630046,129,126,152
1.635990,128,126,152
1.640044,128,126,152
1.649109,128,126,152
1.651036,128,126,153
1.656039,129,126,153
1.660043,128,126,152
1.666043,128,126,152
1.670043,129,126,152
1.676042,129,126,152
1.680046,129,126,152
1.685935,129,126,153
1.690036,128,126,152
1.696041,129,126,152
1.700045,129,126,152
1.706045,129,126,151
1.710042,129,126,152
1.716054,129,126,152
1.720041,129,126,153
1.726043,128,126,152
1.730046,128,126,152
1.736046,128,126,152
1.740045,129,126,152
1.746047,128,126,152
1.750051,128,126,151
1.756040,128,126,152
1.760044,128,126,152
1.766045,128,126,152
1.770038,128,126,152
1.776043,129,125,152
1.780046,129,126,152
1.786067,129,126,152
1.789895,129,126,152
1.795997,129,126,152
1.799985,129,126,152
1.806001,129,126,152
1.809998,129,126,152
1.815998,129,126,152
1.819993,129,126,152
1.825996,129,126,152
1.829998,128,126,152
1.835998,129,126,152
1.839996,128,126,153
1.847000,129,126,153
1.850997,128,126,152
1.856988,129,125,152
1.860992,129,126,152
1.866997,129,126,152
1.870989,129,126,152
1.875997,129,126,153
1.879987,129,126,152
1.885997,129,126,152
1.889996,129,126,152
1.895998,128,126,152
1.899996,128,126,152
1.905994,129,126,152
1.909997,128,126,152
1.915997,129,126,153
1.919886,129,126,152
1.925997,129,125,152
1.933997,129,126,152
1.934988,129,126,152
1.939996,129,126,152
1.946000,129,126,152
1.952996,129,126,152
1.954989,129,126,153
1.960994,128,126,152
1.964996,128,125,152
1.970994,128,125,152
1.974998,129,126,152
1.980998,129,126,152
1.984989,129,126,152
1.990998,129,126,152
1.994996,129,126,153
2.000996,129,126,152
2.004990,129,126,152
2.011048,129,126,152
2.015044,129,126,152
2.021115,129,126,152
2.025078,129,126,152
2.031044,128,126,153
2.035048,128,126,153
2.041114,129,126,153
2.045101,129,126,152
2.051047,129,126,152
2.055027,128,126,151
2.061105,128,126,152
2.065078,128,126,152
2.071038,129,126,152
2.075048,129,126,152
2.081100,129,126,152
2.085081,129,126,152
2.091047,129,126,152
2.095045,129,126,152
2.102047,129,126,152
2.106046,128,126,152
2.112048,129,126,152
2.116046,128,126,152
2.122041,129,126,153
2.126045,129,126,152
2.131044,129,126,152
2.135048,129,126,152
2.141108,129,126,152
2.145078,129,126,152
2.151047,128,126,152
2.155015,128,126,152
2.161122,128,125,152
2.165109,129,126,152
2.171039,129,126,152
2.175048,129,126,152
2.181104,129,126,152
2.185082,129,126,152
2.191044,129,126,153
2.195047,128,126,152
2.201104,128,126,152
2.205081,129,126,152
2.211045,128,126,152
2.215045,128,126,152
2.221082,128,126,152
2.225107,128,126,152
2.239042,128,126,152
2.241108,129,126,152
2.243038,128,125,152
2.254056,128,126,151
2.255990,129,125,152
2.259040,129,126,152
2.260037,129,126,152
2.265109,129,126,152
2.270924,129,126,152
2.275046,129,126,152
2.281107,128,126,152
2.285106,129,126,152
2.291038,128,126,152
2.295045,129,126,153
2.301109,129,126,152
2.305079,129,126,153
2.311046,129,126,152
2.315045,128,126,152
2.321059,128,126,152
2.325107,129,126,152
2.331045,129,126,152
2.335047,129,126,152
2.341110,129,126,152
2.345108,128,126,152
2.351046,128,126,152
2.355036,128,126,152
2.361076,128,126,152
2.365082,129,126,152
2.371056,129,126,152
2.375049,129,126,152
2.381108,129,126,152
2.385085,129,126,152
2.391848,129,126,152
2.394968,129,126,152
2.401003,129,126,152
2.404941,129,126,151
2.410998,129,126,152
2.414998,128,126,152
2.420997,129,126,152
2.424987,129,126,152
2.430997,129,126,152
2.434996,128,126,152
2.440988,128,126,152
2.444996,129,126,152
2.450998,129,126,152
2.454972,128,126,152
2.461100,129,126,153
2.465107,129,126,152
2.471049,129,126,152
2.475046,129,126,152
2.481110,128,126,152
2.485081,129,126,152
2.491047,128,125,152
2.495046,128,126,152
2.501108,129,126,152
2.504979,129,126,152
2.511050,129,126,152
2.515042,129,126,152
2.521108,129,126,152
2.525108,129,126,152
2.531046,129,126,152
2.535045,129,126,152
2.541109,129,126,152
2.545083,129,126,152
2.551049,128,125,152
2.555043,128,125,151
2.561114,128,125,152
2.565078,128,125,152
2.571048,128,126,153
2.575047,128,126,153
2.581110,129,126,152
2.585106,129,126,152
2.591048,129,126,152
2.595046,129,126,152
2.601108,129,126,152
2.605056,129,126,152
2.611047,128,126,152
2.615045,129,126,152
2.621100,129,126,153
2.625079,128,125,152
2.631049,129,126,152
2.635048,129,126,152
2.641107,129,126,152
2.645121,129,126,152
2.651042,128,126,152
2.655074,129,126,153
2.661116,129,126,152
2.665075,129,126,152
2.671046,129,126,152
2.675051,129,126,152
2.681105,129,126,152
2.685079,129,126,153
2.691047,129,126,153
2.695049,128,126,152
2.701102,129,126,152
2.705105,129,126,152
2.711049,129,126,152
2.715048,129,126,151
2.721110,128,126,152
2.725082,128,126,152
2.731048,129,125,152
2.735046,129,126,152
2.741107,128,126,152
2.745078,128,125,152
2.751046,128,126,152
2.755050,128,126,151
2.761116,128,126,152
2.765106,128,126,153
2.771048,129,126,153
2.775046,129,126,152
2.781108,129,126,152
2.785077,129,126,152
2.791046,128,126,152
2.795049,129,126,152
2.801109,129,126,152
2.805079,129,125,152
2.811049,129,126,152
2.815048,129,126,152
2.821101,129,126,152
2.825107,129,126,152
2.831048,129,126,152
2.835046,128,126,152
2.841104,129,126,152
2.845079,129,126,152
2.851047,129,126,152
2.855049,129,126,153
2.860929,128,126,152
2.865079,129,126,152
2.872050,128,126,152
2.876043,129,126,152
2.881077,128,126,152
2.887043,129,126,152
2.891037,129,126,152
2.897109,129,126,152
2.900042,129,126,152
2.905999,129,126,151
2.910050,129,126,152
2.916045,129,126,152
2.920048,129,126,152
2.929111,128,126,152
2.930040,128,126,152
2.935044,129,126,152
2.941105,129,125,152
2.945104,128,126,152
2.951049,128,126,152
2.955047,129,126,153
2.961105,128,126,152
2.965078,128,126,152
2.971048,129,125,152
2.975046,129,126,152
2.981107,129,126,152
2.985075,129,126,152
2.991043,129,126,152
2.994968,129,126,152
3.001120,129,126,153
3.005124,128,126,152
3.011058,129,126,152
3.015051,128,126,152
3.021102,128,126,152
3.025075,129,126,152
3.031051,129,126,152
3.035049,129,125,152
3.041111,128,126,152
3.045076,129,126,152
3.051050,129,126,152
3.055049,129,126,152
3.061108,129,126,152
3.066044,129,126,152
3.070048,129,126,152
3.076049,129,126,152
3.080047,129,126,153
3.086048,128,126,152
3.089989,129,126,152
3.096048,129,126,152
3.100051,128,125,151
3.106047,129,126,152
3.110050,129,126,152
3.116045,129,126,152
3.120048,129,126,152
3.126044,129,126,152
3.130048,129,126,152
3.136049,128,126,152
3.139984,128,126,152
3.146048,128,126,152
3.150051,129,126,153
3.156047,129,126,153
3.160055,128,126,152
3.166030,129,126,152
3.170043,128,126,151
3.176043,128,126,151
3.180048,129,126,152
3.186048,129,126,152
3.190057,129,126,152
3.196048,129,126,152
3.200046,129,126,153
3.206047,129,126,152
3.210050,129,126,153
3.217111,128,126,152
3.221011,128,126,152
3.227048,128,126,152
3.231047,128,126,152
3.237117,129,126,152
3.241081,129,126,152
3.246043,129,126,152
3.250045,129,126,152
3.256051,129,126,152
3.260049,129,126,152
3.266039,129,126,152
3.270043,129,126,152
3.276047,129,126,152
3.280050,129,126,152
3.286051,128,125,152
3.290050,128,126,152
3.296050,128,126,152
3.300048,129,126,152
3.306048,129,126,152
3.310047,129,126,152
3.316037,129,126,152
3.320039,128,126,152
3.326048,128,126,152
3.330052,129,126,152
3.336051,128,126,152
3.340050,128,126,152
3.346049,128,126,152
3.350048,128,126,152
3.356052,129,126,152
3.360051,129,126,152
3.366047,129,126,152
3.370050,129,126,152
3.376045,129,126,152
3.380044,129,126,152
3.386050,129,126,152
3.390049,129,126,152
3.396048,128,126,152
3.400048,129,126,152
3.406048,128,126,152
3.410052,128,126,152
3.416047,129,126,152
3.420051,128,126,152
3.426046,129,126,153
3.430050,129,126,153
3.436050,129,126,152
3.440049,129,126,152
3.446045,128,126,152
3.450050,129,126,152
3.456049,129,126,153
3.460043,129,126,153
3.465922,128,126,152
3.470050,129,126,152
3.476046,129,126,152
3.480050,129,126,152
3.486050,129,126,152
3.490044,129,125,152
3.496044,129,126,152
3.500052,129,126,152
3.507049,129,126,152
3.516051,129,126,152
3.520050,128,125,152
3.522043,128,126,152
3.533055,128,126,151
3.535040,129,126,152
3.536040,128,126,152
3.541063,128,126,152
3.544989,128,126,152
3.551049,129,126,152
3.555051,129,126,152
3.561110,129,126,152
3.565080,129,126,151
3.571046,129,126,152
3.575045,129,126,152
3.581055,129,126,152
3.585106,128,125,152
3.591024,129,126,152
3.595044,129,126,152
3.601096,128,125,151
3.605112,128,126,152
3.611054,129,126,152
3.615054,129,126,152
3.621059,129,126,152
3.625110,129,126,152
3.631054,129,126,152
3.635050,129,126,152
3.641056,129,126,152
3.645004,129,126,152
3.651051,129,126,153
3.655048,129,126,152
3.661107,129,126,153
3.665112,129,126,152
3.671043,128,126,151
3.675005,128,126,151
3.681058,129,126,152
3.685106,129,126,152
3.692043,129,126,153
3.696051,128,126,152
3.702051,129,126,152
3.706050,129,126,152
3.712050,129,126,152
3.716045,128,126,152
3.721113,128,126,152
3.724936,128,126,152
3.731048,128,126,152
3.735052,128,126,152
3.741104,129,126,152
3.745089,129,126,152
3.751049,129,126,152
3.755052,129,126,152
3.761110,129,126,152
3.765081,129,126,152
3.771046,129,126,152
3.775055,129,126,152
3.781131,129,126,152
3.785108,129,126,152
3.791051,129,126,152
3.795050,129,126,152
3.801107,129,126,152
3.805085,129,126,152
3.811049,128,126,152
3.815052,129,126,152
3.821059,129,126,152
3.825080,129,126,152
3.831052,129,126,152
3.835051,129,126,152
3.841057,129,126,152
3.845105,129,126,152
3.851052,129,126,152
3.855055,129,126,152
3.861104,128,125,152
3.865081,129,126,152
3.871048,129,126,152
3.875042,128,126,152
3.881109,128,126,152
3.885087,128,126,152
3.891051,129,126,152
3.895050,129,126,152
3.901056,129,126,152
3.907051,128,125,151
3.910046,129,125,152
3.915053,129,126,152
3.921104,129,125,152
3.925083,129,126,153
3.931052,128,125,152
3.935052,129,126,153
3.941057,129,126,152
3.945108,128,126,151
3.951052,129,126,152
3.955055,129,126,153
3.961107,129,126,153
3.965106,129,126,152
3.971044,129,126,152
3.975053,129,126,152
3.981111,129,126,152
3.985082,129,126,152
3.992082,129,126,152
3.996053,129,126,152
4.002054,128,126,152
4.006053,129,126,153
4.012053,128,125,152
4.015050,128,126,152
4.021057,128,126,151
4.025115,129,126,152
4.031051,128,125,152
4.035054,129,126,152
4.041112,128,126,152
4.045080,129,126,152
4.051054,128,126,152
4.055053,129,126,152
4.061102,129,126,152
4.065081,129,126,152
4.071047,129,126,152
4.075047,129,126,152
4.081057,129,126,152
4.085115,129,126,152
4.091046,128,126,152
4.095042,129,125,151
4.101056,128,126,152
4.105107,128,126,152
4.111050,128,126,153
4.115053,129,126,153
4.121058,129,126,153
4.125108,129,126,152
4.131054,129,126,152
4.135052,129,126,152
4.141058,129,126,152
4.145108,129,126,153
4.151052,129,126,153
4.155050,129,126,152
4.161115,129,126,152
4.165080,129,126,152
4.171035,129,126,152
4.175034,129,126,152
4.181135,128,126,152
4.185091,129,126,153
4.191054,128,126,152
4.195709,128,126,152
4.201226,129,126,152
4.205124,128,126,152
4.211051,128,126,152
4.215051,129,126,151
4.221055,129,126,152
4.225105,129,125,152
4.231050,129,126,152
4.235048,129,126,152
4.241104,129,126,152
4.245085,129,126,152
4.251043,129,125,151
4.255052,129,126,152
4.261119,128,125,152
4.265106,128,126,152
4.271053,128,126,152
4.275051,128,126,152
4.281105,128,126,152
4.285084,129,126,152
4.291051,129,126,151
4.295050,129,126,152
4.301056,129,126,152
4.305110,129,126,152
4.311044,129,126,152
4.315054,129,126,153
4.321059,129,126,152
4.325109,128,125,151
4.331051,129,126,152
4.335051,129,126,152
4.341062,129,126,152
4.345107,129,126,153
4.351051,128,126,152
4.355054,129,126,152
4.361101,129,126,152
4.365085,128,126,152
4.371049,128,126,152
4.375043,129,126,152
4.381126,129,126,152
4.385112,128,126,152
4.391053,128,126,152
4.395044,128,125,152
4.401059,129,126,152
4.405111,129,126,152
4.411046,129,126,152
4.415050,129,126,153
4.421057,129,126,152
4.426928,128,126,152
4.430046,129,126,152
4.435049,129,126,153
4.441103,129,126,152
4.445115,129,126,152
4.451051,128,126,152
4.455053,128,126,152
4.461100,129,126,152
4.465084,129,126,152
4.472054,128,126,152
4.476052,129,126,152
4.482049,129,126,152
4.486053,129,126,152
4.492053,129,126,152
4.496045,129,126,152
4.501058,128,126,152
4.505107,128,126,152
4.511047,128,126,152
4.515051,128,126,152
4.521106,129,126,152
4.525083,129,126,152
4.531051,129,126,152
4.535053,129,126,152
4.541060,129,126,152
4.545108,129,126,152
4.551054,129,126,152
4.555053,129,126,152
4.561101,129,126,152
4.565103,129,126,152
4.571051,128,126,153
4.575054,129,126,153
4.580917,128,126,152
4.585004,128,126,153
4.591005,128,126,152
4.594997,128,126,152
4.601004,129,126,152
4.604995,129,126,152
4.610999,129,126,152
4.615003,128,126,152
4.621003,129,126,152
4.624993,129,126,152
4.631003,129,126,152
4.635002,128,125,151
4.641001,129,126,152
4.644993,129,125,152
4.651009,128,126,152
4.655001,129,126,152
4.660940,129,126,152
4.664993,128,126,152
4.671002,128,125,151
4.675002,128,126,152
4.680884,128,126,152
4.684997,128,126,152
4.691003,129,126,152
4.694990,129,126,152
4.701000,128,126,152
4.704990,129,125,152
4.710974,129,126,152
4.715000,129,125,152
4.721000,129,125,152
4.724991,129,126,152
4.730999,129,126,152
4.735000,129,126,152
4.741000,129,126,152
4.744992,129,126,152
4.751005,129,126,152
4.754999,129,126,152
4.760996,129,126,152
4.764992,129,126,152
4.771001,128,126,152
4.775000,129,126,153
4.781002,129,126,153
4.784997,129,126,152
4.799042,129,126,152
4.801230,129,125,152
4.802969,129,126,152
4.814051,129,126,152
4.816047,129,126,153
4.818057,129,126,152
4.820045,129,126,152
4.826055,129,126,152
4.830054,129,126,152
4.836055,129,126,152
4.840051,129,126,152
4.846049,128,125,152
4.850055,129,125,152
4.856054,129,126,152
4.860051,128,126,152
4.866053,129,126,152
4.873060,129,126,152
4.875033,128,126,151
4.881084,129,126,152
4.885085,129,126,152
4.891051,129,126,152
4.894986,129,126,152
4.901062,129,126,152
4.905107,129,126,152
4.911055,129,126,151
4.915054,128,126,152
4.921113,129,126,152
4.925108,129,126,152
4.931053,129,126,152
4.935057,128,126,152
4.941059,129,126,152
4.944993,129,126,152
4.951048,129,126,152
4.955052,129,126,152
4.962050,129,126,153
4.966054,129,126,152
4.972054,129,126,153
4.976053,128,126,152
4.982054,129,126,152
4.985111,129,126,151
4.991052,129,126,152
4.995060,128,126,152
5.001056,129,126,152
5.005109,129,126,153
5.011055,129,126,152
5.015054,129,126,152
5.021059,129,126,151
5.025110,129,126,152
5.031054,129,126,152
5.035052,129,126,152
5.041057,128,126,152
5.045089,128,126,152
5.051058,128,126,152
5.055055,128,126,152
5.061061,129,126,152
5.065111,129,126,152
5.071056,128,126,152
5.075054,129,126,152
5.081060,128,126,152
5.084990,128,126,152
5.091055,129,125,152
5.095054,129,126,152
5.101060,128,125,151
5.105102,129,125,152
5.111055,129,126,152
5.115053,129,126,152
5.121063,129,126,152
5.125107,129,126,152
5.131053,128,126,152
5.135056,129,126,151
5.141061,129,126,152
5.145109,128,126,152
5.151055,129,126,153
5.155058,129,126,152
5.161058,128,126,152
5.165060,128,126,152
5.171052,129,126,152
5.175055,129,126,152
5.181057,128,126,151
5.185140,129,125,151
5.191050,129,126,151
5.195055,129,126,152
5.201059,129,126,152
5.205110,129,126,152
5.211055,129,126,152
5.215053,129,126,152
5.221058,129,126,152
5.225109,128,126,152
5.231053,128,126,152
5.235056,128,126,152
5.241059,128,126,152
5.245118,129,126,152
5.251052,129,126,152
5.255054,129,126,152
5.261068,129,126,152
5.265057,129,126,152
5.271058,129,126,153
5.275056,129,126,153
5.281057,129,126,152
5.285105,129,126,152
5.291051,129,126,152
5.295050,128,126,152
5.301086,129,126,152
5.305083,129,126,152
5.311053,128,126,152
5.318055,128,126,152
5.320048,128,126,152
5.326053,129,126,152
5.330050,129,126,152
5.336056,128,126,151
5.340055,128,125,152
5.346061,128,125,151
5.350049,129,126,152
5.356055,129,126,153
5.360054,129,126,152
5.366055,128,126,152
5.370053,128,126,152
5.376053,129,126,152
5.380044,129,126,152
5.386007,129,126,152
5.390051,129,126,152
5.396030,128,126,152
5.400044,129,126,152
5.405958,129,126,152
5.409955,129,126,151
5.415969,129,125,152
5.419955,129,126,152
5.425958,129,126,153
5.429954,129,126,153
5.435953,129,126,152
5.439956,129,126,152
5.445956,129,126,152
5.449957,129,126,152
5.455955,129,126,152
5.459958,129,126,152
5.465954,129,126,152
5.469955,129,126,152
5.475957,129,126,152
5.479947,129,126,152
5.485954,128,126,152
5.489956,129,126,152
5.495954,129,126,152
5.499956,128,126,152
5.505957,129,126,152
5.509956,129,126,152
5.515953,129,126,152
5.519949,129,126,152
5.525952,129,126,152
5.529892,128,126,151
5.535960,129,126,152
5.539959,128,126,152
5.545956,129,126,153
5.549959,129,126,153
5.555954,129,126,152
5.559954,128,126,152
5.565953,129,126,152
5.569956,129,126,152
5.575957,129,126,152
5.579961,128,126,152
5.585959,129,126,152
5.589951,129,126,152
5.595958,129,126,152
5.599958,129,126,152
5.605959,129,126,152
5.609957,129,126,152
5.615955,129,126,152
5.619957,129,126,153
5.625960,128,126,152
5.629982,129,126,152
5.635956,129,126,152
5.639958,129,126,152
5.648957,129,126,152
5.649953,129,126,152
5.654955,129,126,152
5.660958,129,126,152
5.664956,128,125,152
5.670954,128,126,152
5.674958,129,125,152
5.680955,129,126,152
5.684960,128,126,152
5.690952,129,126,152
5.694959,129,126,152
5.700959,128,126,152
5.704951,129,126,152
5.710958,129,126,152
5.714951,128,125,151
5.720959,129,126,151
5.724956,129,126,152
5.730955,129,125,152
5.734957,129,125,151
5.741958,129,126,152
5.745960,129,126,152
5.751959,129,126,153
5.755959,129,126,152
5.761958,129,126,152
5.764950,128,126,152
5.770958,129,126,152
5.774957,129,126,152
5.780957,128,126,152
5.784960,128,126,152
5.791053,128,126,152
5.795051,128,126,151
5.801060,128,125,151
5.805061,128,126,152
5.811056,129,126,152
5.815047,129,126,152
5.821061,129,126,152
5.825107,128,126,152
5.831004,129,126,152
5.835058,129,126,152
5.841065,129,126,152
5.845062,129,126,152
5.851054,128,126,152
5.855057,128,126,152
5.861062,128,126,152
5.865060,129,125,152
5.871057,129,126,152
5.875051,129,126,152
5.880934,129,126,152
5.885064,129,126,152
5.891008,129,126,153
5.895044,129,126,152
5.901061,128,125,152
5.905082,129,126,152
5.911056,129,125,152
5.915050,129,126,152
5.921065,129,126,152
5.925063,129,126,153
5.931064,129,126,152
5.935058,129,126,153
5.941064,129,126,152
5.945060,129,126,152
5.951054,128,126,152
5.955057,129,126,152
5.961062,129,126,152
5.965060,129,126,153
5.971056,128,126,152
5.975060,129,126,152
5.981085,129,126,152
5.985109,129,126,152
5.990991,128,126,152
5.995009,128,126,152
6.000945,128,126,152
6.005233,128,126,152
6.010952,128,126,152
6.014960,128,126,152
6.020959,129,126,152
6.024956,129,126,152
6.030960,129,126,152
6.034956,129,126,152
6.040960,128,125,152
6.044958,128,126,152
6.050963,128,126,152
6.054962,128,126,152
6.060958,129,126,152
6.064955,128,126,152
6.080960,128,126,152
6.094961,128,126,152
6.097947,128,126,152
6.098944,128,126,152
6.099945,129,126,152
6.104956,128,126,152
6.111959,128,126,152
6.115958,129,126,152
6.121964,128,126,152
6.125959,128,125,151
6.131955,128,126,152
6.134962,129,126,152
6.140959,129,126,152
6.144957,128,125,152
6.150863,128,126,152
6.154960,128,126,152
6.160961,129,126,153
6.164962,129,126,153
6.170959,128,126,152
6.174956,129,126,152
6.180957,129,126,152
6.184955,129,126,152
6.190961,129,126,152
6.194949,129,125,152
6.201074,129,126,153
6.205064,128,126,152
6.211060,128,126,152
6.215070,128,126,152
6.221065,128,126,152
6.225062,129,126,152
6.231059,129,126,152
6.235058,129,126,153
6.241062,129,126,152
6.245061,129,126,152
6.251045,129,126,152
6.255059,129,126,152
6.261064,129,126,151
6.265087,129,126,152
6.271059,129,126,152
6.275057,129,126,152
6.281062,129,126,152
6.285061,129,126,153
6.291057,129,126,152
6.295047,129,126,152
6.301060,129,126,152
6.305114,129,126,152
6.311055,129,126,152
6.315058,128,126,152
6.321064,128,126,152
6.325061,129,126,152
6.331058,129,126,152
6.335062,129,126,152
6.341062,129,126,152
6.345059,129,126,152
6.351057,129,126,152
6.355056,129,126,152
6.361061,129,126,152
6.365063,129,126,152
6.371059,129,126,152
6.375058,129,126,152
6.381062,128,126,152
6.385061,128,126,152
6.391052,129,126,152
6.395051,129,126,152
6.401062,128,126,152
6.405060,128,125,151
6.411057,128,126,152
6.415056,128,125,152
6.421065,129,126,152
6.425062,129,126,152
6.431059,129,126,152
6.435058,129,126,152
6.441062,129,126,152
6.445074,129,126,152
6.451056,129,126,152
6.455062,129,126,152
6.461061,129,126,152
6.465065,129,126,153
6.471062,128,126,152
6.475060,129,126,152
6.481066,128,126,152
6.485064,129,125,152
6.491061,129,126,152
6.495155,129,126,151
6.501059,128,126,152
6.505062,129,126,152
6.511058,129,126,152
6.515058,129,126,152
6.521009,129,126,152
6.525060,129,126,152
6.532059,128,126,151
6.536059,129,125,152
6.542059,129,126,152
6.546058,129,126,152
6.551988,129,126,152
6.556062,128,126,152
6.561067,129,126,152
6.565064,129,126,152
6.571061,128,126,152
6.575059,128,126,152
6.581064,129,126,152
6.585062,128,126,153
6.591060,128,126,152
6.594896,129,126,152
6.601728,129,126,152
6.604937,128,125,152
6.610939,128,126,152
6.614922,129,126,153
6.620935,129,126,153
6.624934,129,126,152
6.630936,129,126,152
6.634935,129,126,152
6.640936,129,126,152
6.644933,129,126,152
6.650930,128,125,152
6.654938,129,126,152
6.660934,129,126,152
6.664935,129,126,153
6.670936,129,126,152
6.674933,129,126,152
6.680927,128,126,152
6.684930,129,126,152
6.690933,129,126,152
6.694936,129,125,152
6.700929,129,126,153
6.704934,129,126,152
6.710936,129,126,152
6.714932,129,126,152
6.720940,128,126,152
6.724934,129,126,152
6.730935,129,126,152
6.734926,129,126,152
6.740936,129,126,152
6.744973,129,126,152
6.750963,129,126,152
6.754970,129,126,152
6.760967,129,126,152
6.764966,129,126,151
6.770969,129,126,152
6.774967,128,126,152
6.780967,128,126,151
6.784963,128,126,152
6.790968,129,125,152
6.794966,128,126,152
6.800960,128,126,151
6.804967,128,126,152
6.810968,129,126,152
6.814969,129,126,152
6.820968,129,126,152
6.824960,129,126,152
6.830967,129,126,152
6.834961,129,125,152
6.840966,129,126,152
6.844969,129,126,152
6.850963,129,126,152
6.854969,129,126,152
6.860968,128,126,152
6.864969,129,126,152
6.870969,129,126,152
6.874967,129,126,152
6.880959,129,126,152
6.884962,129,126,152
6.890969,128,126,152
6.894970,129,126,153
6.900959,129,126,152
6.904964,129,126,152
6.910969,129,126,152
6.914967,129,126,152
6.920968,129,126,152
6.924972,129,126,152
6.930969,129,126,153
6.934961,129,126,152
6.940969,129,126,152
6.944968,128,126,152
6.950964,128,126,151
6.954973,128,126,152
6.961967,129,126,152
6.966055,129,126,152
6.972058,128,126,152
6.976061,129,126,152
6.982060,129,126,153
6.985063,128,126,152
6.991060,128,125,151
6.995059,128,125,151
7.001071,129,126,152
7.005063,128,126,152
7.011059,129,126,152
7.015063,129,126,152
7.021067,129,126,152
7.025061,129,126,152
7.031062,129,126,152
7.035052,129,126,152
7.041066,129,126,152
7.045064,129,126,152
7.050997,128,126,152
7.055060,128,126,152
7.061064,128,126,152
7.065062,128,126,152
7.071062,128,126,151
7.075060,128,126,152
7.081066,129,126,152
7.085063,129,126,152
7.091061,129,126,152
7.095064,129,126,152
7.100980,129,126,152
7.105062,128,126,152
7.111058,128,126,152
7.115062,128,126,152
7.121065,128,126,152
7.125060,128,126,152
7.131061,128,126,152
7.135057,128,125,152
7.141070,128,126,151
7.145062,129,126,152
7.151069,129,126,152
7.155059,129,126,152
7.161068,129,126,152
7.165066,129,126,152
7.171062,129,126,152
7.175061,128,125,151
7.181066,129,125,151
7.185067,129,126,152
7.191059,128,126,152
7.195062,128,126,152
7.201116,128,126,152
7.205556,128,126,152
7.210923,128,126,152
7.214920,129,126,152
7.221927,129,126,151
7.225923,129,126,152
7.231922,129,126,152
7.235917,129,126,152
7.241921,129,126,152
7.245921,129,126,152
7.250917,129,126,152
7.254966,129,126,152
7.260970,128,125,151
7.264961,129,126,151
7.270971,128,126,152
7.274970,128,126,152
7.280969,129,126,152
7.284960,128,126,152
7.290969,129,126,152
7.294969,129,126,152
7.300883,129,126,152
7.304933,129,126,152
7.310937,128,125,152
7.314937,129,126,152
7.320932,129,125,152
7.324937,129,126,152
7.330937,129,126,152
7.334875,129,126,151
7.340936,129,126,152
7.344936,129,126,152
7.358940,129,125,151
7.360930,128,126,152
7.362939,128,126,152
7.375940,129,126,152
7.379007,128,126,152
7.380007,128,126,152
7.381004,129,126,152
7.386014,129,126,152
7.390014,129,126,152
7.396014,129,126,152
7.400013,129,126,152
7.406014,129,126,152
7.410013,129,126,151
7.416014,129,126,152
7.420005,129,126,152
7.426013,129,126,152
7.430014,129,126,152
7.436064,128,126,152
7.440063,128,126,152
7.446057,128,126,152
7.450062,129,126,152
7.456058,129,126,152
7.460061,129,126,152
7.466061,129,126,152
7.470063,128,126,152
7.476065,128,126,152
7.480063,129,126,152
7.486058,129,126,152
7.490062,129,126,152
7.496062,128,126,152
7.500067,129,126,152
7.506061,128,126,152
7.510065,129,126,152
7.516061,129,126,153
7.520056,129,126,152
7.526065,129,126,152
7.530064,129,126,152
7.536057,129,126,152
7.540061,129,126,152
7.546061,129,126,152
7.550061,128,126,152
7.556061,129,126,152
7.560065,129,126,152
7.566061,128,126,151
7.570064,128,126,152
7.576065,128,125,152
7.580063,128,126,152
7.587059,128,126,152
7.591063,128,126,152
7.597068,129,126,152
7.601062,129,126,153
7.607057,129,126,152
7.610061,129,126,152
7.616061,129,126,152
7.620059,129,126,152
7.626060,129,126,152
7.630064,129,126,152
7.636009,129,126,152
7.640063,129,126,152
7.646063,129,126,152
7.650062,128,126,152
7.656058,129,126,152
7.660061,129,126,153
7.666062,129,126,152
7.670061,129,126,152
7.676061,129,126,152
7.680065,128,126,151
7.685962,129,126,152
7.690063,129,126,152
7.696064,129,126,152
7.700058,128,126,152
7.706057,129,126,152
7.710061,129,126,153
7.716062,129,126,153
7.720056,129,126,152
7.726062,129,126,152
7.730060,129,125,152
7.736070,129,126,152
7.740065,128,126,152
7.746061,128,126,152
7.750063,129,126,152
7.756055,129,126,152
7.760062,129,126,152
7.766063,129,126,152
7.770056,129,126,152
7.776062,129,125,152
7.780065,129,126,153
7.786087,129,126,152
7.790061,129,126,152
7.796062,129,126,152
7.800066,129,126,152
7.806922,129,126,152
7.810054,129,125,152
7.816045,129,126,152
7.819991,129,126,152
7.826064,129,125,153
7.830057,128,125,152
7.836063,128,125,151
7.840062,128,126,152
7.846063,129,126,152
7.850062,129,126,152
7.856062,129,126,152
7.860065,129,126,152
7.866066,129,126,152
7.870008,129,126,152
7.876056,129,126,152
7.880055,129,126,152
7.886063,129,126,152
7.890062,129,126,152
7.896062,129,126,152
7.900061,128,125,152
7.906057,129,126,152
7.910061,129,126,152
7.916061,129,126,152
7.919947,128,126,152
7.926065,129,126,152
7.930064,129,126,153
7.936064,129,126,153
7.940061,128,126,152
7.946062,129,126,152
7.950060,129,126,152
7.956056,129,126,152
7.960064,129,126,152
7.966065,129,126,153
7.970068,129,126,152
7.976063,129,126,152
7.980062,129,126,152
7.986064,128,125,152
7.990062,128,126,151
7.996062,129,126,152
8.000062,129,126,152
8.005908,129,126,153
8.010060,128,126,152
8.016066,128,126,152
8.020084,129,126,152
8.026065,128,125,152
8.030064,128,125,152
8.036063,129,126,153
8.040063,128,126,152
8.046064,128,126,152
8.050063,129,126,152
8.056059,129,126,152
8.060062,128,126,152
8.066063,129,126,152
8.070089,129,126,152
8.076061,129,126,152
8.080061,129,126,152
8.086061,129,126,152
8.090065,129,126,152
8.096060,129,126,152
8.100063,129,126,152
8.106014,129,126,152
8.110058,129,126,152
8.116063,128,126,152
8.120053,129,126,152
8.126066,128,126,152
8.130067,129,126,153
8.136067,129,126,152
8.140066,129,126,152
8.146067,128,125,151
8.150065,128,126,152
8.156056,129,126,152
8.160065,129,126,152
8.166065,129,126,152
8.170064,129,126,153
8.176066,128,126,152
8.180065,129,126,152
8.186065,129,126,151
8.190064,129,126,152
8.196065,128,125,151
8.200063,129,126,152
8.206063,129,126,152
8.210048,128,126,152
8.216045,129,126,152
8.220063,128,126,152
8.226065,128,125,151
8.230064,128,126,152
8.236065,129,126,152
8.240055,128,126,152
8.246059,128,126,152
8.250062,129,126,152
8.255990,129,125,152
8.260065,129,125,151
8.266067,129,126,152
8.270065,129,126,152
8.276066,129,126,152
8.280065,129,126,153
8.286065,129,126,153
8.290064,129,126,153
8.296065,129,125,152
8.300059,129,126,152
8.306064,129,126,152
8.310063,129,126,152
8.316063,129,126,153
8.320063,129,126,153
8.326062,129,126,152
8.330067,129,126,152
8.336062,128,126,152
8.340060,128,126,152
8.346064,128,126,152
8.350062,129,126,152
8.355912,128,125,152
8.360066,128,126,152
8.366062,129,126,153
8.370065,129,126,152
8.376065,129,126,152
8.380056,128,126,152
8.386064,128,126,152
8.390058,129,126,153
8.397069,129,126,152
8.401065,128,126,152
8.407063,129,126,152
8.410913,129,126,152
8.417078,129,126,152
8.421005,129,126,152
8.426023,129,126,152
8.430015,129,126,152
8.436014,128,126,152
8.440006,129,126,152
8.446012,129,126,152
8.450012,129,126,152
8.456051,128,126,151
8.460012,128,126,151
8.466014,129,126,152
8.470013,129,126,152
8.476011,128,126,152
8.480012,128,126,152
8.486012,128,125,152
8.490013,128,125,152
8.496012,129,126,152
8.500013,128,126,152
8.506008,129,126,152
8.510012,129,126,152
8.516006,128,126,152
8.520012,129,126,153
8.526017,129,126,152
8.530011,128,126,152
8.536011,129,126,152
8.540005,129,126,152
8.546013,129,125,152
8.550013,128,126,152
8.556007,128,126,152
8.560015,129,126,152
8.566012,129,126,152
8.570012,129,126,152
8.576013,129,126,152
8.580011,129,126,152
8.586013,129,126,152
8.590013,129,126,152
8.596011,129,126,152
8.600013,129,126,152
8.606010,129,126,152
8.610012,128,126,152
8.616006,129,126,152
8.620008,129,126,152
8.627015,128,126,153
8.636015,128,126,152
8.640005,129,126,152
8.643015,129,126,152
8.653083,129,126,152
8.655003,129,126,152
8.656002,129,126,152
8.661071,129,126,153
8.665004,129,126,152
8.671012,128,126,152
8.675013,129,126,153
8.681012,129,126,152
8.685003,129,126,152
8.691011,129,126,152
8.695005,129,126,152
8.701012,128,126,152
8.705002,128,126,152
8.711012,128,126,152
8.715170,129,126,152
8.721006,129,126,152
8.725006,129,126,152
8.731012,128,126,152
8.735011,129,126,152
8.741008,128,126,152
8.745003,128,126,152
8.751012,129,126,152
8.758013,129,126,153
8.760004,129,126,152
8.767013,129,126,152
8.771011,129,126,152
8.777012,129,126,153
8.781006,129,126,153
8.787012,129,126,153
8.790006,128,126,152
8.796012,129,125,152
8.800012,128,125,151
8.806007,128,126,152
8.810011,128,126,152
8.815961,128,126,152
8.820007,128,125,152
8.826012,128,126,152
8.830012,128,126,152
8.836012,129,125,152
8.840009,129,126,151
8.846013,128,126,152
8.850011,129,126,152
8.855946,129,126,152
8.860019,129,126,152
8.866015,128,126,152
8.870014,129,126,152
8.876016,129,126,152
8.880006,128,126,151
8.886016,128,126,152
8.890010,129,126,152
8.896015,129,126,152
8.900015,129,126,152
8.905947,129,126,152
8.910012,128,125,152
8.916427,129,126,152
8.920004,128,126,152
8.926019,128,126,152
8.930010,129,126,152
8.936013,128,126,152
8.940009,128,126,152
8.946012,128,126,152
8.950012,128,126,152
8.956011,129,126,152
8.960009,129,126,152
8.966014,128,125,151
8.970013,129,126,152
8.976013,129,126,152
8.980012,129,126,152
8.986013,128,125,152
8.990008,128,126,152
8.996014,128,126,152
9.000013,129,126,153
9.007288,129,126,152
9.010115,128,126,152
9.016055,129,126,152
9.020010,128,126,152
9.026021,129,126,152
9.031015,129,126,152
9.037074,129,126,152
9.041007,129,126,152
9.047016,129,126,152
9.051073,129,126,153
9.056066,128,126,152
9.060061,129,126,152
9.066065,129,126,152
9.070065,129,126,152
9.076064,128,126,152
9.080068,129,126,152
9.086065,129,126,152
9.089999,129,126,152
9.096067,129,126,152
9.100067,129,126,152
9.106066,129,126,152
9.110067,129,126,152
9.116067,129,126,152
9.120058,129,126,152
9.126066,129,126,152
9.130065,129,126,152
9.136071,129,126,153
9.140002,128,126,152
9.146065,129,126,152
9.150068,129,126,151
9.156064,128,125,151
9.160064,129,126,152
9.166069,129,126,152
9.170068,128,126,152
9.176063,129,126,153
9.180067,128,126,152
9.186068,129,126,152
9.190076,128,126,152
9.196067,128,126,152
9.200066,129,126,152
9.206067,128,126,152
9.210069,128,126,152
9.216070,128,126,152
9.220046,129,126,152
9.226051,129,126,152
9.230049,129,126,152
9.236064,129,126,152
9.240045,129,126,152
9.246060,129,126,152
9.250062,129,126,153
9.256068,128,126,152
9.260062,128,126,152
9.266067,128,125,152
9.270061,128,126,152
9.276062,128,126,152
9.280067,128,126,152
9.286067,128,126,152
9.290067,129,126,152
9.296067,129,126,152
9.300065,129,126,152
9.306066,128,126,151
9.310065,129,126,152
9.316066,129,126,152
9.320069,129,126,152
9.325985,128,126,152
9.330068,128,126,152
9.336069,128,126,152
9.340066,129,126,152
9.346066,128,126,152
9.350065,129,126,152
9.356065,128,125,152
9.360060,128,126,152
9.366069,129,126,153
9.370068,129,126,152
9.376063,129,126,152
9.380062,129,125,151
9.386068,129,126,152
9.390067,129,126,152
9.396067,129,126,152
9.400067,129,126,152
9.406071,128,126,152
9.410066,129,126,152
9.416066,129,126,152
9.420068,129,126,152
9.426064,129,126,152
9.430063,129,126,152
9.439067,129,126,152
9.440059,128,126,152
9.445071,128,126,152
9.451068,129,126,152
9.455066,129,126,152
9.461074,129,126,152
9.466069,128,126,152
9.472070,129,126,153
9.476060,129,125,152
9.482068,129,126,153
9.486068,129,126,152
9.490990,128,126,152
9.495067,129,126,152
9.501076,128,126,152
9.505116,129,126,152
9.511065,128,125,152
9.515067,129,126,153
9.521068,128,126,152
9.525067,129,126,153
9.531062,129,126,152
9.535072,129,126,152
9.541082,128,126,152
9.545065,129,126,152
9.551065,129,126,152
9.555069,129,126,152
9.561074,129,126,152
9.565069,129,125,152
9.571070,129,126,152
9.575058,129,126,152
9.581077,128,125,152
9.585068,128,125,152
9.591043,129,126,153
9.595070,128,126,152
9.601076,129,126,152
9.605069,129,126,152
9.610983,129,126,152
9.615058,129,126,152
9.621069,129,126,152
9.624981,129,126,152
9.631063,129,126,152
9.635058,129,126,152
9.641067,129,126,152
9.645066,129,126,152
9.651066,129,126,152
9.658077,129,126,152
9.660065,129,126,152
9.666070,128,125,152
9.670068,129,126,152
9.676063,128,126,152
9.680067,129,126,152
9.686073,128,126,152
9.690067,129,126,152
9.696068,129,126,151
9.700066,129,126,152
9.706066,129,126,152
9.710070,129,126,152
9.716067,129,126,153
9.720070,129,126,153
9.726052,128,125,152
9.729970,128,126,152
9.736066,129,126,152
9.740068,128,126,152
9.746067,129,126,152
9.750066,129,126,152
9.756071,129,126,152
9.760066,129,126,152
9.766071,129,126,152
9.770069,128,126,151
9.776065,129,126,152
9.780069,129,126,152
9.786069,128,126,152
9.790068,129,126,152
9.796069,128,126,152
9.800066,129,126,152
9.806067,128,126,152
9.810066,128,126,152
9.816067,128,125,152
9.820070,129,126,152
9.826065,128,126,152
9.830069,129,126,153
9.836064,129,126,152
9.840069,128,126,152
9.846064,128,126,152
9.850067,129,126,152
9.856068,128,126,152
9.860068,128,126,152
9.867073,128,126,152
9.871073,128,126,152
9.877150,129,126,152
9.881072,129,126,152
9.887072,129,126,152
9.891071,128,126,152
9.896070,128,126,152
9.900074,129,126,153
9.906072,128,126,152
9.916071,128,126,152
9.920070,128,125,152
9.921062,129,126,152
9.933067,129,126,152
9.935065,129,126,152
9.936061,129,125,152
9.941074,129,126,152
9.945067,129,126,152
9.951068,129,126,152
9.955067,129,126,152
9.964074,129,126,152
9.965062,129,126,152
9.970071,129,126,152
9.976066,128,126,152
9.980070,129,126,152
9.986069,128,126,152
9.990069,128,126,152
9.996069,129,126,152
10.000068,128,125,151
10.006068,128,126,152
10.010068,129,126,152
10.016068,129,126,152
10.020071,128,126,152
10.026015,129,126,152
10.030071,129,126,152
10.036065,129,125,151
10.040070,129,126,152
10.046070,129,126,152
10.050069,129,126,152
10.056069,129,126,153
10.059979,129,125,153
10.066069,129,125,152
10.070067,129,126,152
10.075950,128,126,151
10.080067,128,126,152
10.086067,129,126,152
10.090071,129,126,153
10.096071,128,126,152
10.100070,129,126,152
10.106064,129,126,152
10.110063,129,126,152
10.116069,128,126,152
10.120068,129,126,152
10.126077,129,126,153
10.130068,128,126,152
10.136067,129,126,152
10.140071,128,126,152
10.146071,129,126,152
10.150070,129,126,152
10.156072,129,126,152
10.160056,129,126,152
10.166071,129,126,152
10.170070,128,126,152
10.176094,128,126,152
10.180073,129,125,152
10.186075,129,125,152
10.191068,129,126,152
10.197074,129,126,152
10.201067,128,126,152
10.207068,129,126,152
10.211054,129,126,153
10.216057,129,126,153
10.219920,129,126,152
10.225927,129,126,152
10.229937,129,126,152
10.235924,128,126,151
10.239975,129,126,152
10.245978,128,126,153
10.249975,129,126,153
10.255979,129,125,152
10.259971,129,125,152
10.265979,129,126,152
10.269976,129,126,152
10.275977,129,126,152
10.279977,128,126,152
10.285979,129,126,152
10.289976,128,126,152
10.295977,129,126,152
10.299978,128,126,152
10.305980,128,126,152
10.309962,128,126,152
10.315978,128,125,152
10.319977,129,126,152
10.325977,128,126,152
10.329981,129,126,152
10.335973,128,126,152
10.339973,128,125,152
10.347977,129,126,152
10.350977,129,126,152
10.355978,129,125,152
10.359986,129,126,153
10.365982,129,126,152
10.369977,129,126,152
10.375977,129,126,152
10.380063,129,126,152
10.386071,129,126,153
10.390070,128,126,152
10.396066,129,126,152
10.400069,129,126,152
10.406069,129,126,152
10.410078,129,126,152
10.416069,129,126,152
10.420072,129,126,152
10.426073,128,126,152
10.430072,128,126,152
10.436143,129,126,152
10.440065,128,126,152
10.446065,129,126,152
10.449979,129,126,152
10.456069,129,125,152
10.460096,129,126,152
10.466069,129,126,152
10.470071,129,126,152
10.476073,129,126,152
10.480073,129,126,152
10.486073,129,126,152
10.490072,129,126,152
10.496065,129,125,152
10.500069,129,125,152
10.506069,129,126,152
10.510072,129,126,152
10.518070,129,126,153
10.521072,128,126,152
10.526071,128,126,152
10.530072,129,126,152
10.535931,129,126,152
10.540062,128,126,151
10.546071,129,126,152
10.550069,129,126,152
10.556069,129,126,152
10.560073,129,126,153
10.566070,129,126,153
10.570072,129,126,152
10.576069,128,126,152
10.580064,129,126,151
10.586073,129,126,152
10.590071,129,126,152
10.596067,129,126,152
10.600071,128,126,152
10.606071,129,126,152
10.610070,129,126,152
10.616070,129,126,151
10.620073,129,126,152
10.626709,128,126,152
10.630013,129,126,153
10.636012,128,126,152
10.640005,129,126,152
10.646024,129,126,152
10.650025,129,126,152
10.656023,129,126,152
10.660021,129,126,152
10.666027,129,126,152
10.670024,129,126,152
10.676023,129,126,152
10.680017,129,126,152
10.686024,128,126,152
10.692076,128,126,152
10.695065,128,126,152
10.700072,129,126,152
10.706063,128,126,153
10.710067,128,126,152
10.716074,128,126,152
10.720073,128,126,152
10.726073,129,126,152
10.730077,129,126,151
10.736008,129,126,152
10.740063,129,126,152
10.746077,129,126,152
10.750076,129,126,152
10.756071,128,126,152
10.760075,129,126,152
10.766071,129,126,152
10.770074,128,126,152
10.776074,128,126,152
10.780065,129,126,152
10.786073,129,126,152
10.790072,129,126,152
10.796066,129,126,152
10.800075,129,126,152
10.806075,129,126,152
10.810075,128,126,151
10.816181,129,126,152
10.819963,129,126,153
10.824968,129,126,152
10.830986,129,126,152
10.834976,129,126,153
10.840969,129,126,153
10.844969,128,126,151
10.850975,128,126,152
10.854970,129,126,152
10.860970,129,126,152
10.864972,128,126,152
10.870973,129,126,152
10.874971,129,126,152
10.880961,129,126,152
10.884973,129,126,151
10.890971,129,126,152
10.894942,129,126,152
10.900971,128,126,152
10.904973,129,126,152
10.910973,129,126,152
10.914970,129,126,152
10.920973,128,125,151
10.924973,129,126,152
10.930974,129,126,152
10.934975,128,126,152
10.941970,128,126,152
10.947972,129,126,152
10.949967,129,126,152
10.955972,128,126,152
10.960969,128,125,152
10.964971,129,126,152
10.970976,129,126,152
10.974974,128,126,152
10.980968,129,126,152
10.984971,129,126,152
10.990971,129,126,152
10.994989,129,126,152
11.000967,128,125,151
11.004973,128,126,152
11.010974,128,126,152
11.014975,129,126,153
11.020972,129,126,153
11.024974,129,126,152
11.030974,129,125,152
11.034972,129,126,152
11.040970,129,126,152
11.044966,128,126,152
11.050976,129,126,152
11.054975,129,126,152
11.060975,129,126,152
11.064972,128,126,152
11.070974,128,126,152
11.074971,129,126,152
11.080970,128,126,152
11.084970,128,126,152
11.090974,128,126,152
11.094970,129,126,152
11.100971,128,126,153
11.104973,129,126,153
11.110973,129,126,152
11.114973,129,125,152
11.120976,129,126,152
11.124971,129,125,152
11.130974,129,125,152
11.134970,129,126,152
11.140889,129,126,152
11.144967,129,126,152
11.150974,129,126,152
11.154978,128,126,152
11.160891,128,126,152
11.164949,128,126,152
11.170946,129,126,152
11.174946,129,126,152
11.180944,128,126,152
11.184943,128,126,152
11.198943,129,126,152
11.200936,129,126,152
11.202944,129,126,152
11.213943,128,125,152
11.215936,128,126,152
11.217943,128,126,152
11.219936,129,126,152
11.225944,128,126,152
11.231945,129,126,152
11.235946,128,126,152
11.242015,129,126,152
11.245952,129,126,152
11.251020,129,126,152
11.255025,128,126,152
11.261102,128,126,152
11.265061,129,126,152
11.271027,129,126,152
11.275025,128,126,152
11.281077,129,126,152
11.285010,128,126,152
11.291026,128,126,152
11.295023,129,126,152
11.301084,129,126,152
11.308023,129,126,152
11.310070,129,126,152
11.316074,129,126,153
11.320073,129,126,153
11.326073,129,126,152
11.330067,129,126,152
11.336072,129,126,153
11.340070,129,126,152
11.346075,128,126,152
11.350075,128,126,152
11.356076,129,126,152
11.360075,129,126,152
11.366075,129,126,152
11.370073,129,126,152
11.376074,129,126,152
11.380064,129,126,152
11.386073,129,126,152
11.390072,129,126,152
11.396047,129,126,152
11.400075,129,126,153
11.406071,129,126,153
11.413000,129,126,152
11.415066,128,126,152
11.421080,128,126,152
11.425073,128,126,151
11.431069,129,126,152
11.435073,129,126,152
11.441078,129,126,152
11.445072,129,126,152
11.451073,129,126,152
11.455080,129,126,152
11.461083,129,126,152
11.465072,129,126,152
11.471075,129,126,152
11.475074,129,126,152
11.481075,128,126,152
11.485074,129,126,152
11.491074,129,126,153
11.495073,128,126,152
11.501079,129,126,152
11.505076,129,126,152
11.513051,129,126,152
11.516063,129,126,152
11.522077,129,126,152
11.526076,129,126,152
11.532070,129,126,152
11.536075,129,126,152
11.542075,129,126,152
11.546069,129,126,152
11.551075,129,126,152
11.555073,129,126,152
11.561078,129,126,152
11.565073,129,126,152
11.571073,129,126,152
11.575068,129,126,152
11.581076,129,126,152
11.585076,129,126,152
11.593077,129,126,152
11.596068,128,126,152
11.601080,129,126,152
11.605073,129,126,152
11.611075,129,126,152
11.615066,129,126,152
11.621078,129,126,152
11.625072,129,126,152
11.631068,128,126,152
11.635073,128,126,152
11.641078,128,126,152
11.645006,128,126,152
11.651077,128,126,152
11.655075,129,126,152
11.661080,129,126,152
11.665073,128,126,152
11.671075,128,126,152
11.675073,128,126,152
11.681073,128,126,152
11.685070,128,126,152
11.691073,129,126,152
11.695077,129,126,152
11.701075,128,126,152
11.705076,129,126,152
11.711075,129,126,152
11.715066,129,126,152
11.721079,129,126,152
11.725073,128,126,152
11.731075,128,126,152
11.735074,129,126,152
11.741078,129,126,152
11.745512,128,125,151
11.751073,129,126,152
11.755076,129,126,152
11.761078,128,126,152
11.765075,129,126,153
11.771076,128,126,152
11.775075,129,126,152
11.781083,129,126,152
11.785078,129,126,152
11.791078,129,126,152
11.795077,129,126,152
11.801077,129,126,152
11.805076,129,126,152
11.811077,129,126,152
11.815068,129,126,152
11.821082,129,126,152
11.826076,128,126,152
11.832071,129,126,152
11.836075,129,126,152
11.842076,129,126,152
11.845935,129,126,152
11.851075,129,126,152
11.855077,129,126,152
11.861055,128,126,152
11.865077,129,126,152
11.871077,128,126,152
11.875067,128,126,152
11.880954,128,126,152
11.885080,129,126,152
11.891075,129,126,152
11.895074,129,126,152
11.901077,129,126,152
11.905076,129,126,152
11.911077,129,126,152
11.915067,129,126,152
11.921081,129,126,152
11.925075,129,126,152
11.931085,129,126,152
11.935074,129,126,152
11.941080,129,126,153
11.945078,128,126,152
11.951073,128,126,152
11.955077,128,126,152
11.961083,129,126,152
11.965076,128,126,152
11.971077,128,126,152
11.975069,128,126,152
11.983078,129,126,152
11.986068,129,126,152
11.991075,129,126,152
11.995074,129,126,152
12.001075,129,126,152
12.005078,129,126,152
12.011074,128,126,152
12.015067,129,126,152
12.021080,129,126,152
12.025073,129,126,152
12.031075,129,126,152
12.035079,129,126,152
12.041079,129,126,152
12.045073,128,126,152
12.051074,129,126,153
12.055077,129,126,153
12.061083,129,126,153
12.065012,129,126,152
12.071077,129,126,153
12.075076,128,126,152
12.081081,129,126,152
12.085074,129,126,152
12.091076,129,126,152
12.095079,129,126,152
12.101074,129,126,152
12.105073,129,126,152
12.111073,129,125,151
12.114954,129,126,152
12.121083,129,126,152
12.125076,129,126,152
12.130997,128,126,152
12.138081,128,126,152
12.140069,128,126,152
12.146078,128,126,152
12.150071,129,126,152
12.156077,128,126,152
12.160076,128,126,151
12.166076,128,126,151
12.170079,129,126,152
12.176076,129,126,152
12.180075,129,126,152
12.186080,129,126,153
12.190078,128,125,152
12.196078,129,126,152
12.200069,129,125,152
12.206077,129,126,152
12.210077,129,126,152
12.216072,128,126,152
12.220076,128,126,152
12.226076,128,126,152
12.230075,129,126,152
12.236076,128,126,151
12.240075,128,126,151
12.246070,129,126,152
12.250062,128,125,152
12.256071,128,125,152
12.260070,128,126,152
12.266072,129,126,152
12.270074,128,126,152
12.276074,128,126,152
12.280070,129,126,152
12.286074,129,126,152
12.290078,128,126,152
12.296079,129,126,152
12.300069,129,126,152
12.306078,129,126,152
12.310077,129,126,152
12.316072,129,126,151
12.320076,129,126,152
12.327078,128,126,152
12.331077,129,126,153
12.337083,129,126,152
12.341081,128,126,152
12.347076,128,126,152
12.349993,129,126,152
12.356070,129,126,152
12.360078,129,126,152
12.366076,129,126,153
12.370079,128,126,152
12.376075,129,126,152
12.380065,128,126,152
12.386075,129,126,152
12.390079,129,126,152
12.396074,129,125,151
12.402076,129,126,152
12.405078,129,126,152
12.410078,129,126,152
12.416049,129,126,152
12.420078,129,126,152
12.426079,129,126,151
12.430074,129,126,152
12.436075,129,126,152
12.440070,128,126,152
12.446073,128,126,152
12.450408,128,126,152
12.456072,128,126,152
12.460077,128,126,152
12.465954,129,126,152
12.476076,129,126,152
12.480075,129,126,152
12.481072,129,126,152
12.493082,129,126,152
12.495071,129,126,152
12.496066,129,126,152
12.501079,129,126,152
12.505078,129,126,152
12.511079,129,126,152
12.515077,129,126,152
12.521084,129,126,152
12.525077,128,126,152
12.531077,128,126,152
12.535079,128,126,152
12.541082,128,125,151
12.545078,129,126,152
12.551039,129,126,152
12.555072,129,126,152
12.561082,128,126,152
12.565074,128,126,152
12.571077,129,126,153
12.575075,129,126,153
12.581080,129,126,152
12.585079,128,126,151
12.591075,129,126,152
12.595078,129,126,152
12.601081,128,126,152
12.605074,129,126,152
12.611079,129,126,152
12.615078,129,126,152
12.621084,129,126,152
12.628080,128,125,151
12.630069,129,126,152
12.636075,129,126,152
12.640078,129,126,152
12.646078,129,126,152
12.650050,129,126,152
12.656071,129,126,153
12.660075,128,125,152
12.665945,129,126,151
12.670080,129,126,152
12.676075,129,126,152
12.680075,129,126,152
12.686075,129,126,152
12.690078,128,126,152
12.696074,129,126,152
12.700015,129,126,151
12.706078,129,126,152
12.710076,129,126,152
12.716077,129,126,152
12.720079,128,126,153
12.726073,129,126,153
12.730077,129,126,152
12.736073,129,126,152
12.740076,128,126,151
12.746077,128,126,151
12.750065,129,126,152
12.756072,129,126,153
12.761082,129,126,152
12.767074,128,126,152
12.771077,128,126,152
12.777083,129,126,152
12.781081,128,126,152
12.786078,129,126,152
12.790081,129,126,152
12.796076,129,126,153
12.800089,129,126,152
12.806080,129,126,152
12.810079,129,126,152
12.816080,129,126,152
12.820078,128,126,152
12.826078,129,126,152
12.830077,129,126,152
12.836073,128,126,152
12.840078,128,126,152
12.846079,129,126,153
12.850104,128,126,152
12.856072,128,125,152
12.860076,129,126,152
12.866077,129,126,152
12.870082,129,126,152
12.876072,129,126,152
12.880072,129,126,152
12.886077,129,126,153
12.890077,129,126,152
12.896077,129,126,152
12.900081,128,126,151
12.906076,129,126,152
12.910080,129,126,153
12.916080,128,126,152
12.920079,128,126,152
12.926079,128,126,152
12.930079,128,126,152
12.936074,129,126,152
12.940077,129,126,152
12.946078,129,126,152
12.950077,129,126,153
12.956075,129,126,152
12.960073,129,126,152
12.966078,129,125,152
12.973158,129,126,152
12.975069,128,125,151
12.981083,128,125,152
12.985078,128,126,152
12.991078,128,126,152
12.995077,128,126,152
13.001078,128,126,152
13.005076,128,126,152
13.011077,129,126,151
13.015072,129,126,152
13.021080,129,126,152
13.025079,129,126,152
13.031079,129,126,152
13.035071,128,126,152
13.041084,129,125,152
13.045078,129,126,152
13.053924,129,126,152
13.054934,128,126,152
13.060026,129,126,152
13.066031,129,126,152
13.070036,129,126,152
13.076029,129,126,153
13.080031,128,126,152
13.086029,128,126,151
13.090031,129,126,152
13.096031,128,125,151
13.100031,128,126,152
13.106030,128,126,152
13.110031,128,126,152
13.116031,129,126,152
13.120023,128,126,152
13.126031,128,126,152
13.130031,129,126,152
13.136026,129,126,152
13.140030,128,126,152
13.146031,128,126,152
13.150029,129,126,152
13.155980,129,126,152
13.160026,128,126,152
13.166029,128,126,152
13.170034,129,126,152
13.176030,128,126,152
13.180031,128,126,152
13.186082,128,126,152
13.190080,129,126,152
13.196080,129,126,152
13.202075,129,126,152
13.205078,129,126,152
13.210078,129,126,152
13.216078,129,126,152
13.220074,129,126,152
13.226079,129,126,152
13.230082,129,126,152
13.236073,129,126,152
13.240083,129,126,152
13.246074,129,126,152
13.250077,128,126,152
13.256062,129,126,152
13.259935,129,126,152
13.266081,129,126,152
13.270080,129,126,152
13.276080,129,126,151
13.280079,129,126,152
13.286079,129,125,151
13.290078,129,126,152
13.296079,129,126,152
13.300078,128,126,152
13.306078,128,126,152
13.310082,129,126,152
13.316076,129,126,152
13.320072,128,125,151
13.326081,129,126,152
13.330080,129,126,152
13.336076,129,126,152
13.340079,129,126,152
13.346079,129,126,152
13.350078,128,126,152
13.356056,129,126,151
13.360070,128,126,152
13.366079,129,126,152
13.370079,129,126,152
13.376078,129,126,152
13.380068,129,126,152
13.386077,129,126,152
13.390082,129,126,152
13.396081,129,126,152
13.400080,129,126,152
13.406081,128,126,152
13.410079,129,126,152
13.417085,128,126,152
13.423078,128,126,152
13.425075,128,125,152
13.431079,129,126,152
13.436073,128,126,152
13.440078,128,126,152
13.449126,129,126,152
13.450068,129,126,153
13.455081,129,126,152
13.461060,129,126,152
13.465080,129,126,152
13.471082,129,126,152
13.475081,128,126,151
13.481082,128,126,152
13.485081,129,126,153
13.491082,129,126,153
13.495080,129,126,152
13.501085,128,126,152
13.505079,128,126,152
13.511079,129,126,152
13.515078,128,126,152
13.521080,129,126,152
13.525083,129,126,152
13.531083,129,126,152
13.535082,129,126,152
13.541085,129,126,152
13.545078,129,126,152
13.551079,128,126,151
13.555082,128,126,152
13.561061,128,126,153
13.565082,128,126,152
13.571084,128,126,152
13.575081,129,126,152
13.581147,128,125,152
13.585081,129,126,152
13.591073,129,126,151
13.595082,128,125,151
13.601128,129,126,152
13.605081,128,126,152
13.611082,128,126,152
13.617127,129,126,153
13.620072,129,126,152
13.625125,129,126,152
13.631081,128,126,152
13.635085,128,126,152
13.641146,128,126,152
13.645083,128,126,153
13.651079,129,126,152
13.655081,128,125,151
13.661092,129,126,152
13.665079,128,125,152
13.671081,128,126,151
13.675082,129,126,152
13.684085,129,126,153
13.685076,129,126,152
13.690084,128,126,152
13.696085,129,126,153
13.700084,129,126,152
13.706080,128,126,152
13.710083,128,126,152
13.716079,128,126,152
13.720077,128,126,152
13.726082,129,126,152
13.730082,129,126,152
13.736087,129,126,152
13.740081,128,126,151
13.746081,128,125,151
13.756081,129,126,152
13.759970,128,125,152
13.761095,128,126,152
13.773095,128,126,152
13.775023,128,126,152
13.776024,128,126,152
13.781092,128,126,152
13.785066,128,126,152
13.791032,128,126,152
13.795031,128,126,152
13.802033,129,126,152
13.806033,129,126,152
13.812032,128,126,152
13.816034,129,126,152
13.822030,129,126,152
13.827032,129,126,152
13.830027,128,126,152
13.835034,128,126,152
13.841093,128,126,152
13.845083,128,126,153
13.851080,129,126,152
13.855079,128,126,152
13.861110,128,126,152
13.865083,128,126,152
13.871078,128,126,152
13.875077,129,126,152
13.881082,128,126,152
13.885080,128,126,152
13.891081,129,126,153
13.895085,129,126,152
13.901126,129,125,151
13.905083,129,126,152
13.911080,129,126,152
13.915083,129,126,152
13.921084,129,126,153
13.925082,128,126,152
13.931084,128,126,152
13.935082,129,126,152
13.941148,128,126,152
13.945080,128,126,152
13.951081,129,126,152
13.955076,128,126,152
13.961460,129,126,152
13.965082,129,126,152
13.971079,128,126,152
13.975083,129,126,152
13.981145,128,125,151
13.985081,128,125,151
13.991082,128,126,152
13.995081,128,126,152
14.001150,128,126,152
14.005080,129,126,152
14.011081,129,126,152
14.015085,128,126,152
14.020100,128,126,152
14.026084,128,126,152
14.030084,128,126,152
14.036084,129,126,153
14.040083,128,126,152
14.046082,128,126,152
14.050082,128,126,152
14.056077,129,126,152
14.060082,128,126,152
14.066077,129,126,152
14.070080,129,126,152
14.076081,129,126,152
14.080084,128,126,152
14.086084,129,126,152
14.090084,128,126,152
14.096084,128,126,152
14.100082,128,126,152
14.106083,128,126,152
14.110082,128,126,152
14.116083,129,126,152
14.120081,128,126,152
14.126080,129,126,152
14.130085,128,126,151
14.136076,129,126,152
14.140084,128,126,152
14.146084,128,125,152
14.150084,128,126,153
14.156078,128,126,152
14.160083,129,126,153
14.166079,128,125,152
14.170077,128,126,151
14.178084,128,126,152
14.181082,129,126,152
14.186083,128,126,152
14.190081,128,126,152
14.196081,128,126,152
14.200085,129,126,152
14.206081,128,125,151
14.210083,128,126,152
14.216084,129,126,152
14.220083,128,125,152
14.226084,128,126,152
14.232084,128,126,152
14.236083,129,126,153
14.242083,129,126,152
14.246078,129,126,152
14.251077,129,126,152
14.255079,129,126,152
14.261147,129,126,152
14.265113,129,126,152
14.270953,129,126,152
14.275063,129,126,152
14.281083,128,126,152
14.285081,128,126,151
14.291083,128,126,152
14.295082,128,126,152
14.301127,128,126,153
14.305081,129,126,152
14.311081,129,126,152
14.315085,129,126,152
14.321152,129,126,152
14.325078,129,126,152
14.331080,129,126,152
14.335083,128,126,152
14.341080,129,126,152
14.345082,129,126,153
14.351084,128,126,152
14.355074,129,126,153
14.361146,129,126,152
14.365082,129,126,152
14.370972,129,126,152
14.375075,128,126,152
14.381082,129,126,152
14.385085,129,126,153
14.391081,129,126,153
14.395085,129,126,152
14.401147,129,126,152
14.405080,129,126,152
14.411081,128,126,152
14.415081,128,126,152
14.421143,129,126,152
14.425084,128,126,152
14.431085,128,126,152
14.435084,128,126,152
14.441083,128,126,151
14.445062,128,126,152
14.451082,128,126,151
14.455058,128,126,151
14.461121,128,126,152
14.465081,129,126,153
14.471079,129,126,152
14.475076,129,126,152
14.481148,129,126,152
14.485084,129,126,152
14.491086,129,126,152
14.495085,128,126,152
14.501153,129,126,152
14.504962,128,126,152
14.511085,128,126,152
14.515083,128,126,152
14.522081,128,126,152
14.526084,129,126,151
14.534082,129,126,152
14.535023,129,126,153
14.541082,129,126,152
14.546082,128,126,152
14.550082,129,126,152
14.556078,129,126,152
14.560083,129,126,152
14.568084,129,126,152
14.571079,129,126,152
14.576078,129,126,152
14.580083,129,126,152
14.586082,129,126,152
14.590086,129,126,152
14.596087,129,126,152
14.600086,128,126,151
14.606080,128,126,152
14.610084,128,126,152
14.616085,128,126,152
14.620083,129,126,153
14.626084,128,126,152
14.630087,129,126,152
14.636083,129,126,152
14.640076,129,126,153
14.646085,129,126,152
14.650085,129,126,152
14.656080,129,126,152
14.660083,129,126,152
14.666085,129,126,152
14.670083,129,126,152
14.676080,128,126,151
14.680078,128,126,152
14.686089,128,125,152
14.690084,128,126,152
14.696084,128,126,153
14.700083,129,126,152
14.706082,128,126,152
14.710082,128,126,152
14.716083,128,126,152
14.720087,128,126,152
14.726086,128,126,152
14.730085,129,126,152
14.739136,129,126,153
14.740002,129,126,152
14.745127,129,126,152
14.751085,128,126,152
14.755083,128,126,152
14.764084,128,126,152
14.765081,128,126,152
14.770085,129,126,152
14.776081,129,126,152
14.780079,129,126,152
14.786085,129,126,152
14.790083,128,126,151
14.795082,128,126,152
14.801150,128,126,152
14.805123,128,126,152
14.812083,129,126,152
14.816086,129,126,152
14.822241,128,126,152
14.825971,129,126,152
14.832232,128,126,152
14.834944,129,126,152
14.840950,129,126,153
14.844988,128,126,152
14.851050,129,126,152
14.855037,129,126,152
14.861048,129,125,152
14.865096,129,126,152
14.871036,129,126,152
14.875026,128,126,152
14.881090,128,125,152
14.885091,129,126,152
14.891029,128,126,152
14.895033,129,126,152
14.901093,128,126,152
14.905067,129,126,152
14.911036,129,126,152
14.915035,129,126,153
14.920035,129,126,153
14.928036,129,126,152
14.931035,129,126,152
14.936037,129,126,152
14.940032,128,126,151
14.946036,128,126,151
14.950037,129,126,152
14.956034,129,126,152
14.960038,129,126,152
14.966036,128,126,152
14.970035,129,126,152
14.976148,129,126,152
14.980030,129,126,152
14.986096,128,126,151
14.990081,129,126,152
14.996086,128,126,152
15.003083,129,126,152
15.005081,128,126,152
15.011085,128,126,152
15.015089,129,126,152
15.021150,129,126,151
15.025083,129,126,152
15.039086,129,126,152
15.041081,129,126,152
15.043074,129,126,152
15.054087,129,126,152
15.056076,129,126,152
15.058086,129,126,152
15.060079,129,126,152
15.066083,129,126,152
15.070087,128,126,152
15.075949,128,126,152
15.080078,129,126,153
15.086086,128,125,152
15.090022,129,126,153
15.096087,129,126,152
15.100084,128,125,151
15.106085,128,126,152
15.110087,129,126,152
15.116087,129,126,152
15.120086,129,126,152
15.126082,129,126,152
15.130086,129,126,152
15.136086,128,126,152
15.140029,128,125,151
15.148084,129,126,152
15.151086,128,126,152
15.156085,128,126,152
15.160084,128,126,152
15.166085,129,126,152
15.170083,129,126,152
15.178024,129,126,152
15.181141,129,126,152
15.186088,128,125,151
15.190096,129,126,152
15.196087,128,126,152
15.200086,129,126,153
15.206086,129,126,153
15.210085,129,126,152
15.216085,129,126,152
15.220089,128,126,152
15.226085,129,126,152
15.230089,129,126,152
15.236084,129,126,152
15.240062,128,126,152
15.246080,128,126,152
15.250081,129,126,152
15.256088,128,126,152
15.260085,128,126,152
15.266086,128,126,152
15.270080,128,126,152
15.277117,128,126,153
15.281136,128,126,152
15.287079,128,125,152
15.291082,129,126,152
15.297149,129,126,152
15.300077,129,126,152
15.306085,128,126,152
15.310084,128,126,152
15.316085,128,126,152
15.320075,129,126,152
15.326083,128,126,152
15.330078,129,125,151
15.336060,128,126,152
15.340091,129,126,152
15.346084,128,126,152
15.350083,128,126,152
15.356083,128,126,152
15.360080,128,126,152
15.366088,129,126,152
15.370086,128,126,151
15.376083,128,126,152
15.380080,128,126,152
15.386086,129,126,152
15.390085,129,126,152
15.396088,128,126,153
15.403086,129,126,153
15.405082,129,126,152
15.411087,128,126,152
15.415086,129,126,152
15.421153,129,126,152
15.425084,128,126,152
15.431085,129,126,152
15.435084,129,126,153
15.441095,129,126,152
15.445061,129,126,152
15.451083,129,126,152
15.455088,129,126,152
15.461131,129,126,153
15.465084,129,126,153
15.471085,129,126,153
15.475076,129,126,153
15.481058,128,126,152
15.485083,129,126,152
15.491011,129,126,152
15.495087,129,126,152
15.501149,129,126,152
15.505086,129,126,152
15.511085,129,126,152
15.515087,129,126,152
15.521150,128,126,152
15.525086,129,126,152
15.531084,129,126,152
15.535086,129,126,152
15.541163,129,126,152
15.545085,128,126,152
15.551086,128,126,152
15.555085,128,126,152
15.561130,128,126,152
15.565122,129,126,152
15.571085,128,126,152
15.575080,129,126,152
15.581106,129,126,153
15.585124,129,126,152
15.591062,128,126,153
15.595085,129,126,152
15.601153,129,126,152
15.605060,129,126,152
15.611086,129,126,152
15.615085,129,126,152
15.621151,129,126,152
15.625118,128,126,152
15.631087,129,126,152
15.635085,129,126,152
15.641181,129,126,152
15.645129,128,126,152
15.651090,128,126,152
15.655088,128,126,152
15.661151,128,125,152
15.665127,128,126,152
15.671088,129,126,152
15.675033,129,126,152
15.681100,129,126,151
15.685124,129,126,152
15.691086,129,126,151
15.695085,128,126,152
15.701148,129,126,152
15.705084,129,126,152
15.711086,129,125,152
15.715089,128,126,152
15.721156,128,126,152
15.724992,128,126,152
15.731088,128,126,152
15.735087,129,126,152
15.741159,128,126,152
15.745118,129,126,152
15.751081,128,126,152
15.755086,128,126,151
15.761132,129,126,151
15.765123,129,126,152
15.771086,129,126,152
15.775086,128,126,152
15.781084,128,126,152
15.785111,128,126,152
15.791071,128,126,152
15.795083,128,126,152
15.801156,129,126,152
15.805124,129,126,152
15.811088,129,126,152
15.815087,129,126,152
15.821155,129,126,152
15.825061,129,126,152
15.831086,129,126,152
15.835090,129,126,152
15.841152,129,126,152
15.845129,129,126,153
15.851090,128,126,152
15.855089,128,126,152
15.861148,128,126,152
15.865123,129,126,152
15.870085,129,126,152
15.876077,128,126,152
15.880079,129,126,152
15.886084,129,126,152
15.890088,129,126,152
15.896083,129,126,152
15.900087,129,126,152
15.906087,129,126,152
15.910087,129,126,152
15.916087,128,125,151
15.920086,128,126,152
15.926081,129,126,153
15.930090,128,126,152
15.936090,128,126,153
15.940089,128,126,152
15.946090,129,126,152
15.950088,128,126,151
15.956089,129,126,152
15.960082,129,126,152
15.966088,129,126,152
15.970087,129,126,153
15.976083,129,126,152
15.980086,128,126,152
15.986081,129,126,152
15.990085,129,126,152
15.996086,129,126,152
16.001157,129,126,152
16.005119,129,126,152
16.011089,129,126,152
16.015087,129,126,152
16.021161,128,126,152
16.025126,129,126,152
16.031088,129,126,152
16.035085,129,126,152
16.042087,129,126,152
16.046086,129,126,152
16.052088,129,126,152
16.056086,128,126,152
16.062085,129,126,152
16.065150,129,126,152
16.071084,129,126,152
16.075084,129,126,152
16.081155,129,126,152
16.085100,129,126,152
16.091088,129,126,152
16.095090,128,126,152
16.101152,129,126,152
16.105121,129,126,152
16.111084,129,126,152
16.115088,129,126,152
16.121150,129,126,153
16.125125,128,126,152
16.131089,128,125,152
16.135087,128,125,152
16.141159,128,125,151
16.145132,128,126,151
16.151088,129,126,151
16.155091,129,126,152
16.161148,129,126,152
16.165121,129,126,152
16.171090,129,126,152
16.176103,129,125,152
16.180090,129,126,152
16.186086,129,126,152
16.190090,128,126,152
16.196091,128,126,152
16.200090,128,126,152
16.206091,128,126,152
16.210086,128,126,152
16.216087,128,126,152
16.220091,129,126,152
16.226114,129,126,152
16.230090,129,126,152
16.236090,129,126,152
16.240089,128,126,152
16.246080,128,125,151
16.250083,128,126,152
16.256088,129,126,152
16.260026,129,126,152
16.266088,129,126,152
16.270091,129,126,152
16.276081,129,126,152
16.280082,128,126,152
16.286072,129,126,152
16.290084,128,126,151
16.296090,129,126,151
16.300088,129,126,151
16.307091,128,126,152
16.316088,128,126,152
16.320087,128,126,152
16.321147,129,126,153
16.333158,128,126,152
16.335078,128,126,152
16.336079,129,126,152
16.342088,128,126,151
16.346087,129,126,152
16.352088,129,126,152
16.356086,129,126,153
16.361151,128,126,152
16.365126,129,126,152
16.371090,129,126,152
16.375037,129,126,152
16.381122,128,126,152
16.385152,128,126,152
16.391085,129,125,152
16.395083,128,126,152
16.401151,129,126,153
16.405120,129,126,152
16.411088,129,126,152
16.415087,128,126,152
16.421154,128,126,152
16.425123,129,126,152
16.431086,128,126,153
16.435090,128,126,153
16.441157,129,126,153
16.445148,129,126,152
16.451092,129,126,152
16.455091,129,126,152
16.461149,129,126,152
16.465123,129,126,152
16.471085,129,126,153
16.475099,129,126,152
16.481158,129,126,152
16.485127,129,126,152
16.491084,129,126,152
16.495084,129,126,152
16.501157,128,126,152
16.505149,128,126,152
16.511083,128,126,152
16.515087,128,126,152
16.521155,128,126,152
16.525125,129,126,152
16.531087,128,126,152
16.535091,129,126,152
16.541157,129,126,152
16.545122,129,126,152
16.551090,129,126,152
16.555090,129,126,152
16.561148,129,126,152
16.565153,128,126,152
16.571091,129,126,152
16.575091,128,126,152
16.581163,128,126,152
16.585127,129,126,152
16.591085,128,126,152
16.595084,128,126,152
16.600088,128,126,151
16.606090,129,126,152
16.610088,128,126,151
16.616095,129,126,152
16.620089,129,126,152
16.626089,129,126,153
16.630092,129,126,152
16.636093,129,126,153
16.640092,128,126,152
16.646087,129,126,152
16.650090,129,126,152
16.656092,129,126,152
16.660089,129,126,152
16.666090,129,126,153
16.670090,129,126,152
16.677159,129,126,152
16.681123,129,126,152
16.687091,129,126,152
16.691082,128,125,151
16.697153,128,126,152
16.701127,128,125,152
16.706090,128,126,152
16.710093,128,126,152
16.716089,129,126,153
16.720089,128,126,152
16.726089,129,126,152
16.730090,129,126,152
16.738088,129,126,152
16.741157,129,126,152
16.746090,129,126,152
16.750088,128,126,152
16.756089,128,126,152
16.760080,129,125,152
16.766089,129,126,152
16.770092,129,126,152
16.775946,129,126,152
16.780045,129,126,153
16.786043,129,126,152
16.791036,129,126,152
16.795038,129,126,153
16.801046,129,126,152
16.805078,129,126,152
16.811043,128,126,151
16.815043,128,126,152
16.821046,129,126,152
16.825089,129,126,152
16.831043,128,126,152
16.835043,129,126,152
16.841045,129,126,152
16.845076,129,126,152
16.851044,129,126,152
16.855043,129,126,152
16.861080,129,126,152
16.865077,129,126,152
16.871043,129,126,152
16.875041,129,126,152
16.881080,129,126,152
16.885068,129,126,152
16.891034,128,126,152
16.894977,128,126,152
16.901042,128,126,152
16.905074,128,126,152
16.911039,128,126,152
16.915040,129,126,152
16.921042,129,126,152
16.925074,129,126,152
16.931040,129,126,153
16.936040,129,126,152
16.942048,129,126,152
16.946042,129,126,152
16.952041,129,126,153
16.956097,129,126,152
16.964087,129,126,152
16.965160,129,126,152
16.970092,129,126,152
16.976092,129,126,153
16.980084,129,126,153
16.986093,129,126,153
16.989951,129,126,152
16.996086,129,125,152
17.000090,128,126,151
17.006091,128,126,152
17.010093,129,126,152
17.016095,129,126,152
17.020093,129,126,152
17.026094,128,126,152
17.030093,129,126,153
17.036094,129,126,152
17.040092,129,126,152
17.046086,129,126,152
17.050091,128,126,152
17.056091,129,126,152
17.060090,129,126,152
17.066093,129,126,152
17.070091,129,126,152
17.076091,129,126,152
17.080082,129,126,152
17.086095,128,126,152
17.090094,129,126,153
17.096089,128,126,152
17.100093,128,126,152
17.106093,128,126,152
17.110092,128,126,152
17.116093,129,126,152
17.120091,128,126,152
17.126092,128,126,152
17.130090,129,126,152
17.136091,129,126,152
17.140095,129,126,152
17.146086,128,126,152
17.150090,129,126,152
17.156095,128,126,152
17.160094,129,126,152
17.166094,128,126,152
17.170094,129,126,152
17.176089,129,126,152
17.180088,129,126,152
17.187089,129,126,152
17.191106,129,126,152
17.197162,129,126,152
17.201155,129,126,152
17.207093,129,126,153
17.211092,128,126,152
17.216092,128,126,152
17.220090,128,126,152
17.226090,128,126,151
17.230091,128,126,151
17.236095,128,126,152
17.240094,129,126,153
17.246022,129,126,152
17.250078,129,126,152
17.256087,129,126,152
17.260091,128,126,152
17.266090,129,126,152
17.270089,128,126,152
17.276094,129,126,152
17.280086,128,126,152
17.286093,128,126,152
17.290093,128,126,152
17.296016,128,126,152
17.300087,128,126,152
17.306092,128,126,151
17.310091,128,126,152
17.316092,129,126,152
17.320091,129,126,152
17.326091,129,126,152
17.330084,129,126,152
17.336085,129,126,152
17.340009,129,126,152
17.346110,129,126,152
17.350093,129,126,152
17.356089,128,126,152
17.360093,129,126,152
17.366092,129,126,152
17.370092,128,126,152
17.376093,128,126,152
17.380085,129,126,152
17.386095,129,125,152
17.390089,129,126,152
17.396061,129,126,152
17.400087,128,126,152
17.406093,128,126,152
17.410091,128,125,152
17.416093,129,126,152
17.420091,129,126,152
17.426098,129,126,152
17.430086,129,126,152
17.436091,129,126,152
17.440091,129,126,152
17.446091,129,126,152
17.450090,129,126,152
17.456098,129,126,152
17.460096,129,126,151
17.466091,128,126,151
17.470095,128,126,152
17.476096,129,126,153
17.480028,128,126,153
17.486094,128,126,152
17.490091,129,126,153
17.496087,128,126,152
17.500088,129,126,153
17.506094,129,126,152
17.510093,129,126,152
17.516087,129,126,152
17.520087,128,126,152
17.526092,129,126,152
17.530019,129,126,152
17.536092,129,126,152
17.540090,129,126,152
17.546091,129,126,152
17.550090,128,126,152
17.556091,129,126,153
17.561163,128,126,153
17.565126,128,126,153
17.571095,129,126,153
17.575093,129,126,152
17.581161,129,126,152
17.585155,128,126,152
17.599086,129,126,152
17.601155,129,126,152
17.603086,129,126,152
17.614089,128,125,152
17.616083,129,125,152
17.617155,129,125,152
17.621135,128,126,152
17.627092,129,126,153
17.631087,128,126,152
17.637164,128,126,152
17.641126,129,126,152
17.646094,129,126,153
17.650093,129,126,152
17.656094,129,126,152
17.660092,129,126,152
17.666091,129,126,152
17.670094,129,126,152
17.676095,129,126,152
17.680089,129,126,152
17.686094,129,126,152
17.690093,128,126,152
17.696017,129,126,152
17.700043,129,126,152
17.706042,128,126,152
17.710043,129,126,152
17.716039,129,126,152
17.720041,129,126,152
17.726044,129,126,152
17.730043,129,126,152
17.736044,128,126,152
17.740042,129,126,152
17.746049,129,126,152
17.750042,128,126,152
17.756043,129,126,153
17.760043,128,126,152
17.766041,128,125,151
17.770043,129,126,151
17.776044,129,126,152
17.780041,128,126,152
17.786046,129,126,152
17.790046,128,126,153
17.795989,129,126,152
17.800038,128,126,152
17.806047,128,126,152
17.810047,128,126,152
17.816042,128,126,152
17.820046,129,126,153
17.826047,129,126,152
17.830046,129,126,153
17.836047,129,126,152
17.840047,128,126,152
17.846047,129,126,152
17.850101,129,126,151
17.856095,129,126,152
17.860093,128,126,152
17.866094,129,126,152
17.870093,128,126,152
17.876088,129,126,152
17.880092,129,126,153
17.886092,129,126,152
17.892094,129,126,152
17.895095,128,126,152
17.900085,129,126,152
17.906093,129,126,152
17.910087,129,126,152
17.916088,129,126,152
17.920093,129,126,152
17.926092,129,126,152
17.930096,129,126,151
17.936096,129,126,152
17.940094,128,126,152
17.946094,128,126,152
17.950094,128,126,152
17.956094,128,126,152
17.960093,128,125,152
17.966089,129,126,152
17.970092,129,126,152
17.976094,129,126,152
17.980090,129,126,152
17.986092,129,126,152
17.990091,129,126,152
17.996092,129,125,152
18.000087,128,125,152
18.006095,129,126,152
18.010095,128,126,152
18.016091,128,126,152
18.020090,128,126,153
18.026095,128,126,152
18.030094,129,126,153
18.036094,128,125,152
18.040093,129,126,151
18.046094,129,126,152
18.050094,129,126,152
18.056099,129,126,152
18.060093,129,126,152
18.066092,128,126,152
18.070091,128,126,152
18.076096,129,126,152
18.080094,128,126,151
18.086091,128,126,152
18.090094,128,126,152
18.096096,128,126,153
18.100085,128,126,152
18.106094,128,126,152
18.110094,129,126,152
18.116088,129,126,152
18.120089,129,126,152
18.126093,129,126,152
18.130097,129,126,152
18.136096,129,126,152
18.140094,129,126,153
18.148129,129,126,152
18.151095,129,126,152
18.156094,128,126,152
18.160093,128,126,152
18.166089,129,126,152
18.170098,129,126,152
18.178094,129,126,152
18.181164,128,126,152
18.186097,128,126,152
18.190096,128,125,152
18.196096,129,126,152
18.202091,129,126,152
18.205131,128,126,152
18.211096,129,126,152
18.215119,128,126,152
18.221163,128,126,152
18.225130,129,126,152
18.231094,129,126,152
18.235097,129,126,152
18.241160,129,126,152
18.245159,129,126,153
18.251093,128,126,153
18.255097,128,126,152
18.261165,128,126,152
18.265159,128,126,152
18.271097,128,126,151
18.275095,128,126,152
18.281155,129,126,152
18.285127,128,126,152
18.291095,128,126,152
18.295094,129,126,152
18.303081,129,126,153
18.306058,129,126,152
18.311094,129,126,151
18.315093,128,126,152
18.321159,128,126,152
18.325133,129,126,152
18.331097,129,126,153
18.335096,128,126,152
18.341158,128,126,152
18.345126,128,126,152
18.351095,128,126,152
18.355094,128,126,152
18.361161,128,126,152
18.365156,129,126,153
18.371094,129,126,152
18.375093,129,126,152
18.381136,129,126,152
18.385129,128,126,152
18.391093,129,126,152
18.395093,128,126,152
18.400946,128,126,152
18.405049,129,126,153
18.411097,128,126,152
18.415095,128,126,152
18.421159,128,126,152
18.426096,128,126,152
18.432095,128,126,152
18.436095,129,126,152
18.442095,129,126,152
18.446088,129,126,152
18.451092,128,126,152
18.455097,128,126,152
18.461165,128,126,152
18.465128,128,126,152
18.471097,129,126,152
18.475096,128,126,152
18.481156,128,126,152
18.485155,128,126,153
18.491096,128,126,153
18.495099,128,126,152
18.501124,129,126,152
18.505158,129,126,152
18.511094,129,126,152
18.515093,129,126,152
18.523096,129,126,152
18.526090,129,126,152
18.531093,129,126,152
18.535096,129,126,153
18.541164,129,126,152
18.545160,129,126,152
18.551090,129,126,152
18.555095,128,126,152
18.561162,129,126,153
18.565131,128,126,152
18.573163,129,126,152
18.576086,128,126,152
18.581163,129,126,152
18.585129,129,126,152
18.591093,128,126,152
18.595095,129,126,152
18.601159,129,126,153
18.605148,129,126,153
18.611096,129,126,152
18.615095,129,126,152
18.621163,128,126,151
18.625131,128,126,152
18.631094,129,126,152
18.635094,129,126,153
18.641163,128,126,152
18.645130,128,126,152
18.651089,128,126,152
18.655100,128,126,151
18.661162,129,126,151
18.665161,129,126,152
18.671093,129,126,152
18.675097,129,126,152
18.681157,128,126,152
18.685129,129,126,152
18.691097,129,126,152
18.695097,129,126,152
18.701158,129,126,151
18.705131,129,126,152
18.712096,129,126,152
18.716095,128,126,152
18.722096,128,126,152
18.726095,129,126,152
18.732095,128,126,152
18.735092,128,126,152
18.741167,128,126,152
18.747096,129,126,152
18.750087,129,126,152
18.756096,129,126,152
18.760100,129,126,152
18.766097,129,126,152
18.770094,128,126,152
18.776090,129,126,152
18.780098,129,126,152
18.786098,129,126,152
18.790098,128,126,152
18.796099,128,126,152
18.800107,128,126,152
18.806091,128,126,152
18.810096,129,126,152
18.816097,129,126,151
18.820099,128,126,152
18.826097,129,126,152
18.830095,129,126,152
18.836093,128,126,152
18.840097,128,126,152
18.846098,128,125,151
18.850124,128,126,152
18.856097,129,126,152
18.860100,128,126,152
18.866096,129,126,152
18.876092,128,126,152
18.880085,128,126,152
18.880995,129,126,152
18.894098,129,126,152
18.896086,129,126,152
18.897158,129,126,152
18.900090,129,126,152
18.906094,129,126,152
18.910097,129,126,152
18.916098,129,126,152
18.920098,128,126,152
18.926097,128,126,152
18.930096,129,126,152
18.936091,128,126,152
18.940096,128,126,152
18.946105,128,126,152
18.950095,128,126,152
18.956099,128,126,152
18.960098,128,126,152
18.966097,129,126,152
18.970096,128,126,152
18.976097,128,126,152
18.980096,128,126,152
18.986097,128,126,152
18.990097,128,126,152
18.998098,128,126,152
19.001169,128,126,152
19.006091,129,126,152
19.010095,128,126,151
19.017164,129,126,152
19.023098,129,126,152
19.025152,129,126,152
19.031100,129,126,152
19.036091,128,126,152
19.040098,128,126,152
19.046098,128,126,152
19.050098,129,126,152
19.056098,128,126,152
19.060097,129,126,152
19.066102,128,126,152
19.070096,129,126,153
19.076097,129,126,153
19.080101,129,126,153
19.086101,129,126,152
19.090100,128,126,152
19.096099,129,126,152
19.100099,129,126,152
19.106025,129,126,152
19.110095,128,126,152
19.116099,129,126,152
19.120091,129,126,152
19.126098,128,126,152
19.130097,128,126,152
19.136093,128,126,152
19.140101,129,126,153
19.146102,128,126,152
19.150095,129,126,152
19.155095,129,126,152
19.161163,128,125,151
19.165131,128,126,151
19.171099,129,126,152
19.175099,129,126,152
19.181166,129,126,152
19.185141,129,126,152
19.191098,129,126,153
19.196098,129,126,152
19.200097,129,126,152
19.206026,129,126,152
19.210095,129,126,152
19.216097,128,126,152
19.220092,129,126,152
19.226096,129,126,152
19.230099,129,126,152
19.236097,129,126,152
19.240096,129,126,152
19.246092,128,126,152
19.252092,128,126,152
19.255099,128,126,152
19.261168,129,126,153
19.265165,129,126,152
19.271099,129,126,152
19.275097,129,125,152
19.281160,129,126,152
19.285106,129,126,152
19.291097,129,126,152
19.295096,129,126,152
19.301159,128,126,152
19.305136,128,126,152
19.311084,128,126,152
19.315083,128,126,152
19.321151,129,126,152
19.325158,129,126,152
19.331097,129,126,152
19.337159,129,126,153
19.340091,129,126,152
19.345136,128,126,152
19.351095,129,126,152
19.355097,128,126,151
19.361165,129,126,152
19.365133,129,126,152
19.371101,129,126,152
19.375100,129,126,153
19.381132,129,126,152
19.385170,128,126,152
19.391099,129,126,152
19.395098,128,126,151
19.401160,129,126,152
19.405134,129,126,152
19.411098,128,126,152
19.415044,129,126,152
19.421164,129,126,152
19.425138,129,126,152
19.431100,129,126,152
19.435075,128,126,151
19.441161,129,126,152
19.445159,129,126,153
19.451098,128,126,152
19.455098,129,126,152
19.461165,128,126,153
19.465133,129,126,152
19.472098,129,126,152
19.476101,129,126,151
19.482100,129,126,151
19.486096,129,126,152
19.492101,128,126,152
19.496100,129,126,152
19.501165,129,126,153
19.505164,128,126,152
19.511029,129,126,152
19.515008,128,126,152
19.521107,128,126,152
19.525003,129,126,153
19.531007,128,126,152
19.535006,129,126,153
19.541007,129,126,152
19.544998,129,126,152
19.551005,129,126,152
19.555007,129,126,152
19.561009,129,126,151
19.565000,129,126,152
19.571008,129,126,152
19.575007,129,126,152
19.581007,129,126,152
19.585000,129,126,152
19.593008,128,126,152
19.596002,129,126,152
19.601009,129,126,152
19.605000,129,126,153
19.611008,129,126,153
19.615008,128,126,152
19.621000,128,126,152
19.625002,129,126,152
19.631008,129,126,152
19.635009,128,126,152
19.641001,129,126,152
19.645003,129,126,153
19.651007,128,126,152
19.654999,129,126,153
19.661007,129,126,153
19.664997,128,126,152
19.671007,128,126,152
19.675007,129,126,152
19.681009,128,126,152
19.684999,129,126,153
19.691007,129,126,152
19.695008,129,126,152
19.701006,129,126,152
19.705000,128,125,151
19.711010,129,126,152
19.715007,129,126,152
19.721000,129,126,153
19.725002,128,126,152
19.731006,128,126,152
19.735006,128,126,152
19.741008,129,126,152
19.745005,129,126,152
19.751008,128,126,151
19.755009,129,126,152
19.761009,129,126,152
19.765000,128,126,152
19.771005,128,126,152
19.775008,128,125,152
19.781003,128,125,151
19.785004,129,126,152
19.791008,129,126,152
19.795007,129,126,152
19.801010,129,126,152
19.804999,128,126,152
19.811007,129,126,152
19.815009,129,126,152
19.820999,129,126,152
19.825002,128,126,152
19.831011,129,126,152
19.835009,129,126,153
19.841008,129,126,153
19.845001,129,126,153
19.851010,128,126,152
19.855007,129,126,152
19.861009,129,126,152
19.865162,129,126,152
19.871101,128,126,151
19.877143,129,126,152
19.880092,129,125,152
19.885136,129,126,152
19.891099,129,125,152
19.895099,129,126,152
19.901167,128,126,152
19.905136,128,126,152
19.911099,128,126,152
19.915102,129,126,153
19.921158,128,126,152
19.925172,128,126,152
19.933138,128,126,152
19.936090,129,126,152
19.942100,129,126,152
19.948101,129,126,152
19.950094,129,126,152
19.956101,129,126,152
19.962102,129,126,152
19.965161,129,125,152
19.971100,129,126,152
19.975098,129,126,152
19.981167,129,126,152
19.985165,128,126,152
19.991101,128,126,152
19.995100,129,126,152
20.003102,129,126,152
20.006096,129,126,152
20.011099,129,126,152
20.015098,128,126,151
20.021166,128,126,152
20.025134,129,126,152
20.031103,128,126,152
20.035101,128,126,152
20.041167,129,126,152
20.045161,129,126,153
20.051099,129,126,152
20.055101,129,126,152
20.061162,129,126,152
20.065131,129,126,152
20.071100,129,126,152
20.075099,129,126,152
20.081166,129,126,152
20.085142,129,126,152
20.091099,128,126,151
20.095102,128,126,151
20.101165,128,125,152
20.105159,129,126,152
20.111098,128,126,152
20.115102,128,126,152
20.120971,129,126,152
20.125140,129,126,152
20.131103,129,126,152
20.135101,129,126,152
20.141167,129,126,152
20.145141,129,126,152
20.159102,129,126,152
20.161164,128,126,152
20.163084,129,126,152
20.174101,129,126,152
20.176094,129,126,152
20.177165,129,126,151
20.180093,129,126,152
20.186098,129,126,152
20.190100,129,126,152
20.196101,128,126,152
20.200100,128,126,152
20.206100,128,126,152
20.211100,129,126,152
20.215095,128,126,152
20.221649,128,126,152
20.225167,128,126,152
20.231104,128,126,152
20.235102,128,126,153
20.241165,129,126,152
20.245133,129,126,152
20.251097,129,126,151
20.255101,129,126,152
20.261163,128,126,152
20.265137,128,126,152
20.271099,129,126,152
20.275099,129,126,152
20.281167,129,126,153
20.285166,129,126,152
20.291102,128,126,151
20.295101,128,126,152
20.301163,128,126,152
20.305138,128,126,153
20.311100,128,126,153
20.315099,128,126,152
20.321161,129,126,152
20.325125,129,126,151
20.331094,128,126,152
20.335102,129,126,151
20.341163,129,126,152
20.345167,129,126,152
20.351100,128,126,152
20.357163,129,126,152
20.360091,128,126,151
20.365141,129,126,152
20.371098,128,126,152
20.375102,129,126,152
20.381164,128,126,152
20.385140,129,126,152
20.391100,129,126,152
20.396098,129,126,151
20.400103,129,126,152
20.406103,128,126,152
20.410106,129,126,152
20.417165,129,126,152
20.421132,129,126,152
20.427096,129,126,152
20.431101,128,125,152
20.437168,129,126,152
20.440095,129,126,152
20.446104,129,126,152
20.450103,129,126,152
20.456101,129,126,152
20.460104,129,126,152
20.466100,129,126,152
20.470098,129,126,152
20.476104,129,126,152
20.480103,129,126,151
20.486098,128,126,152
20.490101,129,126,152
20.496101,128,126,152
20.500101,128,126,152
20.506103,128,126,152
20.510102,129,126,152
20.516103,128,126,152
20.520101,128,126,151
20.526097,129,126,152
20.530100,129,126,152
20.536101,128,126,152
20.540099,129,126,152
20.546104,129,126,152
20.550103,129,126,152
20.556105,128,126,152
20.560104,129,126,152
20.566105,128,126,152
20.570103,128,126,152
20.576103,128,126,152
20.580101,128,126,152
20.586102,129,126,153
20.590101,129,126,152
20.596101,129,126,151
20.600104,129,126,152
20.606104,128,126,151
20.612100,129,126,152
20.615103,128,126,152
20.620102,129,126,152
20.626692,128,126,152
20.630045,129,126,152
20.636035,128,126,152
20.640046,128,126,152
20.646053,128,126,152
20.650050,128,126,152
20.656049,128,126,152
20.660052,128,126,152
20.666052,128,125,151
20.670052,129,126,152
20.676051,129,126,152
20.680050,128,126,152
20.686101,128,126,152
20.690102,129,126,152
20.696102,129,126,153
20.700102,128,126,152
20.706102,128,125,152
20.710101,128,126,152
20.716107,129,126,152
20.720105,128,126,152
20.726096,129,126,152
20.730103,129,126,152
20.736104,129,126,152
20.740102,128,126,152
20.746104,129,126,151
20.750106,128,126,152
20.756105,128,126,152
20.760104,129,126,152
20.766104,128,126,152
20.770102,128,126,152
20.776103,128,126,151
20.780099,128,126,152
20.786102,129,126,152
20.790099,129,126,152
20.796105,128,126,152
20.800104,129,126,152
20.806103,128,126,152
20.810102,128,126,152
20.816102,128,126,153
20.820106,129,126,153
20.825955,128,126,152
20.830102,128,126,152
20.836106,129,126,153
20.840105,129,126,152
20.846105,128,126,152
20.850104,128,126,152
20.856101,129,126,152
20.860105,129,126,152
20.866106,129,126,152
20.870104,129,126,152
20.876098,129,126,152
20.880093,129,126,152
20.886031,128,126,152
20.890105,129,126,152
20.896105,129,126,152
20.900103,129,126,152
20.906102,129,126,151
20.910101,129,126,152
20.916102,129,126,152
20.920105,129,126,153
20.926038,128,126,152
20.931099,129,126,153
20.935102,128,126,152
20.941175,128,126,151
20.945162,129,126,151
20.951106,129,126,152
20.957170,129,126,153
20.960097,129,126,153
20.965142,128,126,152
20.971105,128,126,152
20.975102,129,125,152
20.981164,129,126,151
20.985139,129,126,152
20.991104,129,126,152
20.995102,128,126,152
21.001165,128,126,152
21.005163,128,126,152
21.011102,128,126,152
21.015105,129,126,152
21.021173,128,126,152
21.025135,128,126,151
21.031099,128,126,152
21.037165,129,126,152
21.040097,129,126,152
21.046101,128,126,152
21.050105,129,126,152
21.056105,128,126,152
21.060104,129,126,152
21.066104,129,126,152
21.070103,129,126,153
21.076103,129,126,152
21.080094,129,126,152
21.086116,128,126,152
21.090102,128,126,152
21.096105,128,126,152
21.100105,129,126,152
21.106105,129,126,152
21.111107,129,126,153
21.115102,129,126,152
21.121169,129,126,152
21.125167,129,126,152
21.131101,129,126,152
21.135105,129,126,152
21.141169,128,126,151
21.145138,129,126,152
21.152107,128,126,152
21.156106,129,126,153
21.162104,128,126,153
21.166104,129,126,152
21.172104,129,126,152
21.175102,129,126,152
21.181171,129,126,152
21.185162,129,126,152
21.191102,128,126,152
21.195107,128,126,152
21.201169,129,126,152
21.205138,128,126,152
21.211105,128,126,152
21.215108,129,126,153
21.221171,129,126,152
21.225139,129,126,152
21.231097,129,126,152
21.235102,129,126,152
21.241173,129,126,152
21.245168,129,126,152
21.261171,129,126,151
21.264095,129,126,152
21.265137,129,126,152
21.266097,129,126,152
21.271100,128,126,152
21.277145,128,126,152
21.280097,128,126,152
21.285168,128,126,152
21.290105,128,126,151
21.296106,128,126,152
21.300105,129,126,152
21.306105,129,126,152
21.310104,129,126,152
21.318106,129,126,152
21.325167,129,126,152
21.327094,129,126,152
21.334089,129,126,152
21.335086,129,126,152
21.344102,128,126,152
21.345165,128,126,152
21.350113,128,126,153
21.356108,129,126,153
21.360103,128,126,152
21.366098,128,126,151
21.372103,129,126,152
21.375105,129,126,152
21.380096,129,126,152
21.386106,129,126,153
21.390104,129,126,153
21.396104,129,126,152
21.400102,129,126,152
21.412108,129,126,152
21.415106,129,126,152
21.416099,128,126,152
21.421168,128,126,152
21.425168,128,126,152
21.439098,129,126,152
21.441163,129,126,152
21.443095,128,126,152
21.454109,128,126,151
21.456098,129,126,152
21.457168,129,126,152
21.460097,128,126,152
21.466106,128,126,152
21.471107,128,126,152
21.475105,128,125,152
21.481168,128,125,151
21.485165,129,125,151
21.492104,129,126,152
21.496107,129,126,152
21.502108,129,126,152
21.506106,129,126,152
21.512105,129,126,152
21.517189,129,126,152
21.520099,129,126,152
21.525168,129,126,152
21.531106,129,126,152
21.535105,129,126,152
21.541162,129,126,153
21.545167,129,126,152
21.551105,128,126,152
21.555104,129,126,152
21.561168,129,126,152
21.565136,128,126,152
21.571105,129,126,152
21.575108,129,126,152
21.581172,129,126,152
21.585140,128,126,152
21.591104,129,126,152
21.595106,128,126,152
21.601169,128,126,152
21.605168,129,126,152
21.611104,129,126,152
21.615109,129,126,153
21.621166,129,126,152
21.625138,129,126,152
21.631107,129,126,152
21.635105,129,126,152
21.641162,129,126,152
21.645142,128,126,152
21.651104,129,126,152
21.655099,128,126,152
21.661146,128,126,152
21.665171,129,126,153
21.671107,129,126,152
21.675105,128,126,152
21.681169,128,126,152
21.685143,129,126,152
21.691105,128,126,152
21.695105,128,126,152
21.703106,128,126,152
21.706102,128,126,152
21.711104,129,126,152
21.715103,129,126,152
21.721176,128,126,152
21.725159,129,126,152
21.731104,129,126,152
21.735103,129,126,153
21.741166,129,126,153
21.745141,129,126,153
21.751109,129,126,152
21.755108,129,126,152
21.761172,129,126,152
21.765138,128,126,152
21.771108,129,126,152
21.775105,128,126,152
21.783104,129,126,152
21.786099,129,126,152
21.793177,129,126,152
21.796100,128,126,151
21.801169,129,126,152
21.805143,129,126,152
21.811106,128,126,152
21.815110,129,126,152
21.821169,129,126,152
21.825136,128,126,152
21.836105,129,126,152
21.839099,128,126,152
21.840101,129,126,152
21.845168,129,126,152
21.851105,129,126,152
21.855104,129,126,152
21.861428,129,126,152
21.865120,129,126,152
21.871092,129,126,152
21.875093,129,126,152
21.881170,128,126,152
21.885143,129,126,152
21.891106,129,126,152
21.895105,129,126,152
21.901172,129,126,152
21.905166,128,126,151
21.911107,128,126,151
21.915098,129,126,152
21.921168,128,126,152
21.925209,128,126,152
21.931106,128,126,152
21.935105,128,126,152
21.942099,128,126,153
21.946105,129,126,152
21.952104,129,126,152
21.956104,129,126,152
21.962108,129,126,153
21.965166,128,126,152
21.971105,128,126,152
21.975104,129,126,152
21.981169,129,126,152
21.985144,128,126,152
21.991107,128,126,152
21.996106,128,125,152
22.000106,129,126,152
22.006106,128,126,152
22.010110,129,126,152
22.016105,129,126,152
22.020108,128,126,152
22.026106,128,126,152
22.030104,128,126,152
22.036105,129,126,153
22.039945,129,126,152
22.046063,129,126,152
22.050057,128,126,152
22.058055,129,126,152
22.061148,129,126,152
22.066055,129,126,152
22.070056,129,126,152
22.076052,129,126,153
22.080055,128,126,152
22.086057,128,126,152
22.090059,129,126,152
22.096055,129,126,152
22.100056,129,126,152
22.106056,129,126,152
22.110054,129,126,152
22.116056,129,126,152
22.120056,129,126,152
22.126053,128,126,152
22.130191,128,126,152
22.136078,129,126,151
22.140058,128,126,151
22.146099,128,126,152
22.149985,129,126,152
22.155979,128,126,152
22.160193,129,126,152
22.166103,129,126,152
22.170089,129,126,152
22.176296,129,125,151
22.180093,129,125,152
22.186104,129,126,152
22.190129,129,126,152
22.196113,128,126,152
22.200108,128,125,152
22.206343,129,126,152
22.210082,129,126,152
22.216101,129,126,152
22.220103,129,126,152
22.226137,129,126,152
22.230102,129,126,152
22.236108,129,126,152
22.243110,129,126,152
22.245170,129,126,152
22.251102,129,126,152
22.257169,128,126,152
22.261133,128,126,152
22.267103,128,126,152
22.270109,128,126,152
22.276110,128,126,153
22.280103,129,126,152
22.286103,129,126,152
22.290102,129,126,152
22.296103,129,126,152
22.300106,129,126,152
22.306108,129,126,152
22.309983,129,126,153
22.316106,128,126,152
22.320106,128,126,152
22.326106,128,126,152
22.330109,128,126,152
22.336104,128,126,152
22.340108,128,126,152
22.346089,128,126,152
22.350102,129,126,152
22.356107,129,126,153
22.360116,129,126,152
22.366106,128,126,152
22.370107,128,126,151
22.376106,129,126,153
22.380097,129,126,152
22.386105,129,126,152
22.390104,129,126,152
22.396104,128,126,152
22.400109,129,126,152
22.406109,128,126,152
22.410122,128,126,152
22.418110,129,126,152
22.421168,129,126,152
22.426107,129,126,152
22.432107,129,126,152
22.435105,128,126,152
22.441167,129,126,152
22.445166,129,126,152
22.453142,129,126,152
22.456096,129,126,152
22.461165,129,126,152
22.465139,128,126,153
22.471108,129,126,152
22.475108,129,126,152
22.481170,129,126,152
22.485147,129,126,152
22.491104,129,126,151
22.495103,129,126,151
22.501171,129,126,152
22.505172,129,126,152
22.511101,129,126,152
22.515105,129,126,152
22.521143,129,126,152
22.525141,129,126,151
22.531105,129,126,152
22.535108,129,126,152
22.541171,129,126,152
22.546320,129,126,152
22.550952,129,126,153
22.555108,129,126,152
